date,symbol,future_return_1d,direction_up_1d,score,prob_up,predicted_return,prediction_method,horizon_days,model_type,trust_status,future_return_5d,direction_up_5d,future_return_20d,direction_up_20d,future_return_60d,direction_up_60d
2025-11-13,000630,0.03584979940883115,1.0,0.4266666666666667,0.4182295622527478,0.00030132449639220073,lightgbm_walk_forward,1,event_aware_ensemble,data_insufficient,,,,,,
2025-11-13,600362,0.05523374804917269,1.0,0.4633333333333334,0.44449057021095406,-0.0004919749953925654,lightgbm_walk_forward,1,event_aware_ensemble,data_insufficient,,,,,,
2025-11-13,601899,-0.0009689598830382451,0.0,0.55,0.6946428452020362,0.0043453585454068895,lightgbm_walk_forward,1,event_aware_ensemble,data_insufficient,,,,,,
2025-11-14,000630,-0.020312120308354387,0.0,0.41666666666666674,0.6649670990917653,0.004373741241623273,lightgbm_walk_forward,1,event_aware_ensemble,data_insufficient,,,,,,
2025-11-14,600362,0.02248340135647542,1.0,0.5533333333333333,0.517754363226675,-0.00034958977173260304,lightgbm_walk_forward,1,event_aware_ensemble,data_insufficient,,,,,,
2025-11-14,601899,-0.01212590624648835,0.0,0.47000000000000003,0.67292244130194,0.005871731604804746,lightgbm_walk_forward,1,event_aware_ensemble,data_insufficient,,,,,,
2025-11-17,000630,0.021105940136997736,1.0,0.37666666666666676,0.4716052584156476,4.09260050091268e-05,lightgbm_walk_forward,1,event_aware_ensemble,data_insufficient,,,,,,
2025-11-17,600362,-0.011222545503292047,0.0,0.5533333333333333,0.38979102728905807,-0.0054699085897646224,lightgbm_walk_forward,1,event_aware_ensemble,data_insufficient,,,,,,
2025-11-17,601899,0.03757013496177053,1.0,0.51,0.6372963058432219,0.005779733901957049,lightgbm_walk_forward,1,event_aware_ensemble,data_insufficient,,,,,,
2025-11-18,000630,-0.008626534721661638,0.0,0.42666666666666664,0.5486510628077027,0.001479466204551776,lightgbm_walk_forward,1,event_aware_ensemble,data_insufficient,,,,,,
2025-11-18,600362,-0.012171051925719989,0.0,0.5866666666666668,0.5114063565566538,-0.0024898898590973275,lightgbm_walk_forward,1,event_aware_ensemble,data_insufficient,,,,,,
2025-11-18,601899,-0.011228646445001988,0.0,0.4266666666666666,0.5993056130451248,0.0007578444949647427,lightgbm_walk_forward,1,event_aware_ensemble,data_insufficient,,,,,,
2025-11-19,000630,0.005865388912007274,1.0,0.40333333333333343,0.5795588223669268,0.006712647517148492,lightgbm_walk_forward,1,event_aware_ensemble,data_insufficient,,,,,,
2025-11-19,600362,0.04068284337132777,1.0,0.5599999999999999,0.5986609302850602,0.005659340335024032,lightgbm_walk_forward,1,event_aware_ensemble,data_insufficient,,,,,,
2025-11-19,601899,0.006398443197970449,1.0,0.4766666666666666,0.5577969422637613,0.0050142159318571095,lightgbm_walk_forward,1,event_aware_ensemble,data_insufficient,,,,,,
2025-11-20,000630,-0.005998492750437734,0.0,0.40333333333333343,0.589358997443411,0.0015197283229044915,lightgbm_walk_forward,1,event_aware_ensemble,data_insufficient,,,,,,
2025-11-20,600362,0.010813324025529036,1.0,0.5266666666666667,0.5137620989174511,-0.0006153221081881726,lightgbm_walk_forward,1,event_aware_ensemble,data_insufficient,,,,,,
2025-11-20,601899,-0.0032079444052522943,0.0,0.51,0.6137851401931541,0.004321675630057624,lightgbm_walk_forward,1,event_aware_ensemble,data_insufficient,,,,,,
2025-11-21,000630,0.012505721528151215,1.0,0.42000000000000004,0.5752876965386198,-0.0006984512581865435,lightgbm_walk_forward,1,event_aware_ensemble,data_insufficient,,,,,,
2025-11-21,600362,0.03988124634563306,1.0,0.5866666666666668,0.4060620172182922,-0.004624223205977508,lightgbm_walk_forward,1,event_aware_ensemble,data_insufficient,,,,,,
2025-11-21,601899,0.009116069062588439,1.0,0.4333333333333334,0.567156876008053,0.004263543910354115,lightgbm_walk_forward,1,event_aware_ensemble,data_insufficient,,,,,,
2025-11-24,000630,-0.007942780665636251,0.0,0.42000000000000004,0.5970751186094918,-4.7930579120021805e-05,lightgbm_walk_forward,1,event_aware_ensemble,data_insufficient,,,,,,
2025-11-24,600362,-0.05065269001721873,0.0,0.5599999999999999,0.43394424290903805,-0.003838199056668704,lightgbm_walk_forward,1,event_aware_ensemble,data_insufficient,,,,,,
2025-11-24,601899,-0.0024614080418146056,0.0,0.46,0.5628806745988836,0.0035433586817212297,lightgbm_walk_forward,1,event_aware_ensemble,data_insufficient,,,,,,
2025-11-25,000630,-0.0022341447399335523,0.0,0.4533333333333333,0.6146931362730533,0.0015971852569096252,lightgbm_walk_forward,1,event_aware_ensemble,data_insufficient,,,,,,
2025-11-25,600362,-0.0022549714166484325,0.0,0.5,0.5545096472199234,-0.0016185981111073533,lightgbm_walk_forward,1,event_aware_ensemble,data_insufficient,,,,,,
2025-11-25,601899,-0.0122781048246835,0.0,0.48666666666666664,0.5426801908088018,0.004221861767170768,lightgbm_walk_forward,1,event_aware_ensemble,data_insufficient,,,,,,
2025-11-26,000630,0.032784033244253274,1.0,0.3433333333333334,0.5590521158874444,0.0007978739190922645,lightgbm_walk_forward,1,event_aware_ensemble,data_insufficient,,,,,,
2025-11-26,600362,0.016560598763652568,1.0,0.5,0.5683603757529953,-0.00027544392664961836,lightgbm_walk_forward,1,event_aware_ensemble,data_insufficient,,,,,,
2025-11-26,601899,-0.024371246759610776,0.0,0.5966666666666667,0.5810323918529066,0.0028895726380881925,lightgbm_walk_forward,1,event_aware_ensemble,data_insufficient,,,,,,
2025-11-27,000630,0.02467855035195532,1.0,0.2366666666666667,0.6220124481734336,0.0006086770836709997,lightgbm_walk_forward,1,event_aware_ensemble,data_insufficient,,,,,,
2025-11-27,600362,-0.01570997628707138,0.0,0.5833333333333333,0.47217371001778075,-0.0007583414317308964,lightgbm_walk_forward,1,event_aware_ensemble,data_insufficient,,,,,,
2025-11-27,601899,-0.0008305893950690812,0.0,0.62,0.5762550521766111,0.0023563602451246897,lightgbm_walk_forward,1,event_aware_ensemble,data_insufficient,,,,,,
2025-11-28,000630,0.03309985856720021,1.0,0.22333333333333333,0.5943785068969779,-5.725101746243612e-06,lightgbm_walk_forward,1,event_aware_ensemble,data_insufficient,,,,,,
2025-11-28,600362,0.014953286329605797,1.0,0.5366666666666666,0.5292313030131472,0.002332553771704446,lightgbm_walk_forward,1,event_aware_ensemble,data_insufficient,,,,,,
2025-11-28,601899,-0.03376410166948629,0.0,0.6799999999999999,0.6144776774733606,0.003298686084565021,lightgbm_walk_forward,1,event_aware_ensemble,data_insufficient,,,,,,
2025-12-01,000630,0.039670850026029214,1.0,0.4700000000000001,0.4924983660950296,0.0033135760895413513,lightgbm_walk_forward,1,event_aware_ensemble,data_insufficient,,,,,,
2025-12-01,600362,0.002183514220620797,1.0,0.57,0.3752939381894713,-0.0008731940881258028,lightgbm_walk_forward,1,event_aware_ensemble,data_insufficient,,,,,,
2025-12-01,601899,-0.050845239939639186,0.0,0.39999999999999997,0.5790040144119966,0.004235705601294765,lightgbm_walk_forward,1,event_aware_ensemble,data_insufficient,,,,,,
2025-12-02,000630,-0.00801691505874591,0.0,0.5466666666666666,0.45161937385780676,-0.0004720116208711567,lightgbm_walk_forward,1,event_aware_ensemble,data_insufficient,,,,,,
2025-12-02,600362,-0.008622637031706626,0.0,0.57,0.48869667877078815,0.0010813159560942793,lightgbm_walk_forward,1,event_aware_ensemble,data_insufficient,,,,,,
2025-12-02,601899,-0.011010368119792835,0.0,0.32333333333333336,0.5213277460524466,0.0028336265115085266,lightgbm_walk_forward,1,event_aware_ensemble,data_insufficient,,,,,,
2025-12-03,000630,-0.0034764458152002353,0.0,0.6233333333333335,0.5560551716869646,0.002937292837842679,lightgbm_walk_forward,1,event_aware_ensemble,data_insufficient,,,,,,
2025-12-03,600362,-0.01731924419497044,0.0,0.47,0.4875446676245617,-0.0017753214377814902,lightgbm_walk_forward,1,event_aware_ensemble,data_insufficient,,,,,,
2025-12-03,601899,-0.016442218677193532,0.0,0.3466666666666666,0.6077028821123505,-0.003550990237287234,lightgbm_walk_forward,1,event_aware_ensemble,data_insufficient,,,,,,
2025-12-04,000630,-0.001480315122550424,0.0,0.6233333333333335,0.5139276547469082,0.0031131859373050353,lightgbm_walk_forward,1,event_aware_ensemble,data_insufficient,,,,,,
2025-12-04,600362,-0.006936547737867782,0.0,0.4966666666666667,0.531883007051578,0.0020562178477398683,lightgbm_walk_forward,1,event_aware_ensemble,data_insufficient,,,,,,
2025-12-04,601899,0.0038378610620997122,1.0,0.31999999999999995,0.6427536755320542,0.004114786290720941,lightgbm_walk_forward,1,event_aware_ensemble,data_insufficient,,,,,,
2025-12-05,000630,-0.01631882885554614,0.0,0.6733333333333333,0.49384980833809505,0.001518148575406599,lightgbm_walk_forward,1,event_aware_ensemble,data_insufficient,,,,,,
2025-12-05,600362,-0.0076489344467752796,0.0,0.47,0.5328915205327995,0.003984614146681651,lightgbm_walk_forward,1,event_aware_ensemble,data_insufficient,,,,,,
2025-12-05,601899,0.021604918648360227,1.0,0.2966666666666667,0.635143483588714,0.0040925854672080215,lightgbm_walk_forward,1,event_aware_ensemble,data_insufficient,,,,,,
2025-12-08,000630,0.014477581306028497,1.0,0.6466666666666667,0.6635367723200102,0.0063330354219691305,lightgbm_walk_forward,1,event_aware_ensemble,data_insufficient,,,,,,
2025-12-08,600362,-0.0037198466154599874,0.0,0.47,0.5615681573310511,0.0052952705072693024,lightgbm_walk_forward,1,event_aware_ensemble,data_insufficient,,,,,,
2025-12-08,601899,0.003967446648848627,1.0,0.32333333333333336,0.553242483627581,0.0016041393086592564,lightgbm_walk_forward,1,event_aware_ensemble,data_insufficient,,,,,,
2025-12-09,000630,0.024647541919811333,1.0,0.6966666666666665,0.6023933774740959,0.0022655527743364523,lightgbm_walk_forward,1,event_aware_ensemble,data_insufficient,,,,,,
2025-12-09,600362,-0.011022009273692013,0.0,0.52,0.6026549052882232,0.005650081667214808,lightgbm_walk_forward,1,event_aware_ensemble,data_insufficient,,,,,,
2025-12-09,601899,0.006721912224449955,1.0,0.22333333333333338,0.5018783007384792,0.005751169517927562,lightgbm_walk_forward,1,event_aware_ensemble,data_insufficient,,,,,,
2025-12-10,000630,0.0032535540440359334,1.0,0.6966666666666665,0.4849104862016468,0.0028373259072863423,lightgbm_walk_forward,1,event_aware_ensemble,data_insufficient,,,,,,
2025-12-10,600362,-0.0026934508224664144,0.0,0.52,0.6101035781639627,0.001851044259339158,lightgbm_walk_forward,1,event_aware_ensemble,data_insufficient,,,,,,
2025-12-10,601899,0.003584373318008316,1.0,0.22333333333333338,0.49586661005388744,0.00626899143765969,lightgbm_walk_forward,1,event_aware_ensemble,data_insufficient,,,,,,
2025-12-11,000630,0.022583301465900485,1.0,0.6966666666666665,0.5136021832655967,0.00361178539345622,lightgbm_walk_forward,1,event_aware_ensemble,data_insufficient,,,,,,
2025-12-11,600362,0.0019112305910593541,1.0,0.4866666666666667,0.5770335066519195,0.004326265588595497,lightgbm_walk_forward,1,event_aware_ensemble,data_insufficient,,,,,,
2025-12-11,601899,0.029568194140972226,1.0,0.2566666666666667,0.5408518564599324,0.0032651471867338397,lightgbm_walk_forward,1,event_aware_ensemble,data_insufficient,,,,,,
2025-12-12,000630,-0.015125501412389775,0.0,0.6966666666666665,0.5038041645633605,0.001483518307712748,lightgbm_walk_forward,1,event_aware_ensemble,data_insufficient,,,,,,
2025-12-12,600362,-0.007388576951813386,0.0,0.4666666666666667,0.5593175244606332,0.0010979699224742186,lightgbm_walk_forward,1,event_aware_ensemble,data_insufficient,,,,,,
2025-12-12,601899,0.015638590619766246,1.0,0.27666666666666667,0.6153774293375034,0.002194816194807691,lightgbm_walk_forward,1,event_aware_ensemble,data_insufficient,,,,,,
2025-12-15,000630,0.012364746708032115,1.0,0.7233333333333332,0.5575492817748442,0.0017289886694347514,lightgbm_walk_forward,1,event_aware_ensemble,data_insufficient,,,,,,
2025-12-15,600362,0.010741388836989385,1.0,0.45666666666666655,0.5391806629210611,-0.002190765296652227,lightgbm_walk_forward,1,event_aware_ensemble,data_insufficient,,,,,,
2025-12-15,601899,0.017179359213551182,1.0,0.25999999999999995,0.5181311679566659,0.0033605918510036903,lightgbm_walk_forward,1,event_aware_ensemble,data_insufficient,,,,,,
2025-12-16,000630,-0.009451800120183651,0.0,0.7566666666666666,0.5727068505629195,0.0010104153902628858,lightgbm_walk_forward,1,event_aware_ensemble,data_insufficient,,,,,,
2025-12-16,600362,-0.005697092647619528,0.0,0.5066666666666666,0.5431037669559231,0.005933366535685917,lightgbm_walk_forward,1,event_aware_ensemble,data_insufficient,,,,,,
2025-12-16,601899,-0.013784477276900908,0.0,0.17666666666666658,0.5047708611041068,0.00403027373868612,lightgbm_walk_forward,1,event_aware_ensemble,data_insufficient,,,,,,
2025-12-17,000630,0.01432649690861787,1.0,0.7566666666666666,0.6083119708961287,0.0013590488008778118,lightgbm_walk_forward,1,event_aware_ensemble,data_insufficient,,,,,,
2025-12-17,600362,-0.014769729460181402,0.0,0.5066666666666666,0.5762825685458444,0.002200168811608143,lightgbm_walk_forward,1,event_aware_ensemble,data_insufficient,,,,,,
2025-12-17,601899,-0.04314867321613258,0.0,0.17666666666666658,0.5503490665463927,0.0049327804328500174,lightgbm_walk_forward,1,event_aware_ensemble,data_insufficient,,,,,,
2025-12-18,000630,0.030449997261153383,1.0,0.6733333333333333,0.5281173664369838,-0.0006913275079842988,lightgbm_walk_forward,1,event_aware_ensemble,data_insufficient,,,,,,
2025-12-18,600362,0.0146127499903983,1.0,0.5833333333333334,0.5477237915064077,0.005811246401289435,lightgbm_walk_forward,1,event_aware_ensemble,data_insufficient,,,,,,
2025-12-18,601899,-0.009219793854503333,0.0,0.1833333333333333,0.637066780048245,0.002891466080652342,lightgbm_walk_forward,1,event_aware_ensemble,data_insufficient,,,,,,
2025-12-19,000630,0.0040152145549450236,1.0,0.6866666666666665,0.4595812273489384,-0.0009307928320740211,lightgbm_walk_forward,1,event_aware_ensemble,data_insufficient,,,,,,
2025-12-19,600362,0.02481385854101048,1.0,0.5133333333333334,0.37156257493698497,0.0018322542488162512,lightgbm_walk_forward,1,event_aware_ensemble,data_insufficient,,,,,,
2025-12-19,601899,-0.00741007316487341,0.0,0.24,0.5764013667064745,-0.0010800952915484049,lightgbm_walk_forward,1,event_aware_ensemble,data_insufficient,,,,,,
2025-12-22,000630,1.6687249725810815e-05,1.0,0.5700000000000001,0.48109535834340555,-0.0011769757179880078,lightgbm_walk_forward,1,event_aware_ensemble,data_insufficient,,,,,,
2025-12-22,600362,0.02873852864720461,1.0,0.5966666666666667,0.3724715178422408,0.002473153837420353,lightgbm_walk_forward,1,event_aware_ensemble,data_insufficient,,,,,,
2025-12-22,601899,-0.016668351163465878,0.0,0.2733333333333333,0.5536415053735451,0.0022712987556838585,lightgbm_walk_forward,1,event_aware_ensemble,data_insufficient,,,,,,
2025-12-23,000630,-0.008728550922438516,0.0,0.6199999999999999,0.4978956039149048,-0.00042700868721612915,lightgbm_walk_forward,1,event_aware_ensemble,data_insufficient,,,,,,
2025-12-23,600362,0.03560539445056987,1.0,0.5133333333333334,0.43970679950342545,0.005469461416411875,lightgbm_walk_forward,1,event_aware_ensemble,data_insufficient,,,,,,
2025-12-23,601899,-0.0019026727731871196,0.0,0.30666666666666664,0.6261173253677208,-0.002585100559915425,lightgbm_walk_forward,1,event_aware_ensemble,data_insufficient,,,,,,
2025-12-24,000630,0.02106554028568408,1.0,0.6333333333333333,0.4768908424174281,0.00012709230338131552,lightgbm_walk_forward,1,event_aware_ensemble,data_insufficient,,,,,,
2025-12-24,600362,-0.011087783934046525,0.0,0.5,0.6380361700851716,0.0006234104655485712,lightgbm_walk_forward,1,event_aware_ensemble,data_insufficient,,,,,,
2025-12-24,601899,-0.0024485907688394093,0.0,0.30666666666666664,0.5929953526012626,0.003413968749840415,lightgbm_walk_forward,1,event_aware_ensemble,data_insufficient,,,,,,
2025-12-25,000630,0.008793079389241676,1.0,0.6533333333333333,0.5094260338004901,-0.0005269445379567351,lightgbm_walk_forward,1,event_aware_ensemble,data_insufficient,,,,,,
2025-12-25,600362,0.031749719879828664,1.0,0.4800000000000001,0.4478285714231903,0.004427522843080478,lightgbm_walk_forward,1,event_aware_ensemble,data_insufficient,,,,,,
2025-12-25,601899,-0.014889913657261333,0.0,0.30666666666666664,0.5739985519930675,0.0006443564233821695,lightgbm_walk_forward,1,event_aware_ensemble,data_insufficient,,,,,,
2025-12-26,000630,-0.027776325075995367,0.0,0.6333333333333333,0.4687717753745492,5.8727118366733606e-06,lightgbm_walk_forward,1,event_aware_ensemble,data_insufficient,,,,,,
2025-12-26,600362,-0.015492333419818038,0.0,0.5,0.6631847784289593,0.0004568161919731627,lightgbm_walk_forward,1,event_aware_ensemble,data_insufficient,,,,,,
2025-12-26,601899,0.00461497260434629,1.0,0.30666666666666664,0.6346046697987772,-0.0008695468582049857,lightgbm_walk_forward,1,event_aware_ensemble,data_insufficient,,,,,,
2025-12-29,000630,0.02369972045924995,1.0,0.6333333333333333,0.5605551104717499,0.0012477902518270895,lightgbm_walk_forward,1,event_aware_ensemble,data_insufficient,,,,,,
2025-12-29,600362,0.03941013769535395,1.0,0.5000000000000001,0.6458725331060216,0.004520517482751983,lightgbm_walk_forward,1,event_aware_ensemble,data_insufficient,,,,,,
2025-12-29,601899,-0.010129654028915636,0.0,0.30666666666666664,0.45424712818019475,-0.00022596122835284236,lightgbm_walk_forward,1,event_aware_ensemble,data_insufficient,,,,,,
2025-12-30,000630,-0.0026579206689085755,0.0,0.6566666666666665,0.494802418087561,-0.0016146106951347291,lightgbm_walk_forward,1,event_aware_ensemble,data_insufficient,,,,,,
2025-12-30,600362,0.007705156010705094,1.0,0.4000000000000001,0.6207773521315023,-0.0012032814546199173,lightgbm_walk_forward,1,event_aware_ensemble,data_insufficient,,,,,,
2025-12-30,601899,-0.0002166227331906745,0.0,0.38333333333333336,0.4341011565891532,0.0025436067411199587,lightgbm_walk_forward,1,event_aware_ensemble,data_insufficient,,,,,,
2025-11-13,000630,,,0.4266666666666667,0.393217315142095,0.004509345567331627,lightgbm_walk_forward,5,event_aware_ensemble,data_insufficient,0.03331439443486284,1.0,,,,
2025-11-13,600362,,,0.4633333333333334,0.5959583445288267,0.004202742650326735,lightgbm_walk_forward,5,event_aware_ensemble,data_insufficient,0.09673988539568756,1.0,,,,
2025-11-13,601899,,,0.55,0.6468005699707781,0.027540471137905084,lightgbm_walk_forward,5,event_aware_ensemble,data_insufficient,0.018975807748276452,1.0,,,,
2025-11-14,000630,,,0.41666666666666674,0.4286558523832186,0.005005723472807937,lightgbm_walk_forward,5,event_aware_ensemble,data_insufficient,-0.008431467460719877,0.0,,,,
2025-11-14,600362,,,0.5533333333333333,0.619692073634003,0.002659386839059978,lightgbm_walk_forward,5,event_aware_ensemble,data_insufficient,0.05057224638396729,1.0,,,,
2025-11-14,601899,,,0.47000000000000003,0.5214674570307325,0.014308458515054722,lightgbm_walk_forward,5,event_aware_ensemble,data_insufficient,0.01669212388817165,1.0,,,,
2025-11-17,000630,,,0.37666666666666676,0.51599342901464,0.006212958603795811,lightgbm_walk_forward,5,event_aware_ensemble,data_insufficient,0.024784355604451136,1.0,,,,
2025-11-17,600362,,,0.5533333333333333,0.4863091647126568,-0.0007084852823618302,lightgbm_walk_forward,5,event_aware_ensemble,data_insufficient,0.06844803103558261,1.0,,,,
2025-11-17,601899,,,0.51,0.5954088804125584,0.019621185071603955,lightgbm_walk_forward,5,event_aware_ensemble,data_insufficient,0.03855376509237329,1.0,,,,
2025-11-18,000630,,,0.42666666666666664,0.5399177602025225,3.1457616524736856e-05,lightgbm_walk_forward,5,event_aware_ensemble,data_insufficient,-0.0043690098385772425,0.0,,,,
2025-11-18,600362,,,0.5866666666666668,0.5496389923518599,-0.0018262739029861175,lightgbm_walk_forward,5,event_aware_ensemble,data_insufficient,0.02584080928132293,1.0,,,,
2025-11-18,601899,,,0.4266666666666666,0.5034154357958613,0.006602679890913895,lightgbm_walk_forward,5,event_aware_ensemble,data_insufficient,-0.0015157283403403055,0.0,,,,
2025-11-19,000630,,,0.40333333333333343,0.5268879308412867,-0.0008120627004783991,lightgbm_walk_forward,5,event_aware_ensemble,data_insufficient,0.002050832723195395,1.0,,,,
2025-11-19,600362,,,0.5599999999999999,0.5608081148947776,0.0020891921567772658,lightgbm_walk_forward,5,event_aware_ensemble,data_insufficient,0.03613846260901199,1.0,,,,
2025-11-19,601899,,,0.4766666666666666,0.5392500743215421,0.011322784723704243,lightgbm_walk_forward,5,event_aware_ensemble,data_insufficient,-0.0025754957801088496,0.0,,,,
2025-11-20,000630,,,0.40333333333333343,0.5654957735933844,0.0024557081950354843,lightgbm_walk_forward,5,event_aware_ensemble,data_insufficient,0.02886739313599862,1.0,,,,
2025-11-20,600362,,,0.5266666666666667,0.6407866367037629,-0.0030416426790086664,lightgbm_walk_forward,5,event_aware_ensemble,data_insufficient,0.012121553325193934,1.0,,,,
2025-11-20,601899,,,0.51,0.5625123784962898,0.014351541110951122,lightgbm_walk_forward,5,event_aware_ensemble,data_insufficient,-0.033070815957092714,0.0,,,,
2025-11-21,000630,,,0.42000000000000004,0.4035824710216794,-0.023597001546767138,lightgbm_walk_forward,5,event_aware_ensemble,data_insufficient,0.06062047312197816,1.0,,,,
2025-11-21,600362,,,0.5866666666666668,0.5265607102000058,-0.008955111043018778,lightgbm_walk_forward,5,event_aware_ensemble,data_insufficient,-0.014436074353071371,0.0,,,,
2025-11-21,601899,,,0.4333333333333334,0.5760013856764137,0.011612578398171033,lightgbm_walk_forward,5,event_aware_ensemble,data_insufficient,-0.03076468407404398,0.0,,,,
2025-11-24,000630,,,0.42000000000000004,0.4831322468880619,-0.019359548564768483,lightgbm_walk_forward,5,event_aware_ensemble,data_insufficient,0.08219325331025051,1.0,,,,
2025-11-24,600362,,,0.5599999999999999,0.5092519333274362,-0.005490601836053354,lightgbm_walk_forward,5,event_aware_ensemble,data_insufficient,-0.038061943381966,0.0,,,,
2025-11-24,601899,,,0.46,0.5171793070276605,0.01382041106023309,lightgbm_walk_forward,5,event_aware_ensemble,data_insufficient,-0.07195020980357592,0.0,,,,
2025-11-25,000630,,,0.4533333333333333,0.5233116477459361,-0.01612746605285451,lightgbm_walk_forward,5,event_aware_ensemble,data_insufficient,0.13413294881964788,1.0,,,,
2025-11-25,600362,,,0.5,0.6327833136142693,-0.000815607107613911,lightgbm_walk_forward,5,event_aware_ensemble,data_insufficient,0.015475002569398155,1.0,,,,
2025-11-25,601899,,,0.48666666666666664,0.5672903687524196,0.011836204250752505,lightgbm_walk_forward,5,event_aware_ensemble,data_insufficient,-0.11696361119342147,0.0,,,,
2025-11-26,000630,,,0.3433333333333334,0.5080744366944538,-0.017474792144119195,lightgbm_walk_forward,5,event_aware_ensemble,data_insufficient,0.12755983317388142,1.0,,,,
2025-11-26,600362,,,0.5,0.6691848050036341,0.006167917529683885,lightgbm_walk_forward,5,event_aware_ensemble,data_insufficient,0.008994183250264687,1.0,,,,
2025-11-26,601899,,,0.5966666666666667,0.537700924738543,0.01087791537936884,lightgbm_walk_forward,5,event_aware_ensemble,data_insufficient,-0.11583023787517033,0.0,,,,
2025-11-27,000630,,,0.2366666666666667,0.5356416886067311,-0.00558648949254349,lightgbm_walk_forward,5,event_aware_ensemble,data_insufficient,0.0879718279346362,1.0,,,,
2025-11-27,600362,,,0.5833333333333333,0.5902962794391069,-0.003090700442112371,lightgbm_walk_forward,5,event_aware_ensemble,data_insufficient,-0.02463348687216438,0.0,,,,
2025-11-27,601899,,,0.62,0.5658375388552994,0.008625148136103189,lightgbm_walk_forward,5,event_aware_ensemble,data_insufficient,-0.10864450575090956,0.0,,,,
2025-11-28,000630,,,0.22333333333333333,0.629417144181302,0.006975695229974689,lightgbm_walk_forward,5,event_aware_ensemble,data_insufficient,0.0601971578420315,1.0,,,,
2025-11-28,600362,,,0.5366666666666666,0.6510574820901307,0.009054044788489845,lightgbm_walk_forward,5,event_aware_ensemble,data_insufficient,-0.015939597666691063,0.0,,,,
2025-11-28,601899,,,0.6799999999999999,0.5708748365685882,0.018593609235929374,lightgbm_walk_forward,5,event_aware_ensemble,data_insufficient,-0.1044797976238786,0.0,,,,
2025-12-01,000630,,,0.4700000000000001,0.5622952070012432,-0.006359187485658274,lightgbm_walk_forward,5,event_aware_ensemble,data_insufficient,0.009482261779085732,1.0,,,,
2025-12-01,600362,,,0.57,0.5979233989718903,0.002315499441103839,lightgbm_walk_forward,5,event_aware_ensemble,data_insufficient,-0.03785385792911722,0.0,,,,
2025-12-01,601899,,,0.39999999999999997,0.6485113476921898,0.01898938961603092,lightgbm_walk_forward,5,event_aware_ensemble,data_insufficient,-0.053163057720012286,0.0,,,,
2025-12-02,000630,,,0.5466666666666666,0.515707557608214,0.007790733703069943,lightgbm_walk_forward,5,event_aware_ensemble,data_insufficient,-0.01497947809602762,0.0,,,,
2025-12-02,600362,,,0.57,0.6198492867901558,0.0026930953828315472,lightgbm_walk_forward,5,event_aware_ensemble,data_insufficient,-0.04352137867066996,0.0,,,,
2025-12-02,601899,,,0.32333333333333336,0.6957422340648656,0.017070173516644103,lightgbm_walk_forward,5,event_aware_ensemble,data_insufficient,0.0015157773356055948,1.0,,,,
2025-12-03,000630,,,0.6233333333333335,0.6076506934883603,-0.00116937110431109,lightgbm_walk_forward,5,event_aware_ensemble,data_insufficient,0.01745571253288669,1.0,,,,
2025-12-03,600362,,,0.47,0.5396951026078796,0.003176277047814053,lightgbm_walk_forward,5,event_aware_ensemble,data_insufficient,-0.04583628754371383,0.0,,,,
2025-12-03,601899,,,0.3466666666666666,0.7309076013969643,0.01908657523758167,lightgbm_walk_forward,5,event_aware_ensemble,data_insufficient,0.019472647620620176,1.0,,,,
2025-12-04,000630,,,0.6233333333333335,0.6159011901480911,-0.007621353153436699,lightgbm_walk_forward,5,event_aware_ensemble,data_insufficient,0.024327077262169983,1.0,,,,
2025-12-04,600362,,,0.4966666666666667,0.5715569723596101,0.0127439877130139,lightgbm_walk_forward,5,event_aware_ensemble,data_insufficient,-0.031634929453115634,0.0,,,,
2025-12-04,601899,,,0.31999999999999995,0.7482455453373248,0.017600747307462705,lightgbm_walk_forward,5,event_aware_ensemble,data_insufficient,0.040230515792541555,1.0,,,,
2025-12-05,000630,,,0.6733333333333333,0.5918722430087165,0.0010897195037587817,lightgbm_walk_forward,5,event_aware_ensemble,data_insufficient,0.04901263371309805,1.0,,,,
2025-12-05,600362,,,0.47,0.5771334867987501,0.010376919630530352,lightgbm_walk_forward,5,event_aware_ensemble,data_insufficient,-0.02300720333334183,0.0,,,,
2025-12-05,601899,,,0.2966666666666667,0.7571664144816012,0.008746453075404304,lightgbm_walk_forward,5,event_aware_ensemble,data_insufficient,0.0668936639844524,1.0,,,,
2025-12-08,000630,,,0.6466666666666667,0.6067506915782245,0.006366454525022486,lightgbm_walk_forward,5,event_aware_ensemble,data_insufficient,0.05028521633513949,1.0,,,,
2025-12-08,600362,,,0.47,0.5961969958619989,0.012232990968437303,lightgbm_walk_forward,5,event_aware_ensemble,data_insufficient,-0.022750875299881068,0.0,,,,
2025-12-08,601899,,,0.32333333333333336,0.673630087192174,0.029371359296655828,lightgbm_walk_forward,5,event_aware_ensemble,data_insufficient,0.06066284279833134,1.0,,,,
2025-12-09,000630,,,0.6966666666666665,0.5157723137862236,0.0015998286159842185,lightgbm_walk_forward,5,event_aware_ensemble,data_insufficient,0.04809780580608658,1.0,,,,
2025-12-09,600362,,,0.52,0.5526179700632168,0.014470543072119642,lightgbm_walk_forward,5,event_aware_ensemble,data_insufficient,-0.00856587960366162,0.0,,,,
2025-12-09,601899,,,0.22333333333333338,0.6646669877437723,0.021107348523297292,lightgbm_walk_forward,5,event_aware_ensemble,data_insufficient,0.07462084988955309,1.0,,,,
2025-12-10,000630,,,0.6966666666666665,0.432141775080082,-0.007197364384353403,lightgbm_walk_forward,5,event_aware_ensemble,data_insufficient,0.013218060225877126,1.0,,,,
2025-12-10,600362,,,0.52,0.6072718261059827,0.020731792756579024,lightgbm_walk_forward,5,event_aware_ensemble,data_insufficient,-0.0032277385319104956,0.0,,,,
2025-12-10,601899,,,0.22333333333333338,0.7231997011930282,0.011950113999706333,lightgbm_walk_forward,5,event_aware_ensemble,data_insufficient,0.05273139516871983,1.0,,,,
2025-12-11,000630,,,0.6966666666666665,0.4201485779573959,-0.010357958079609458,lightgbm_walk_forward,5,event_aware_ensemble,data_insufficient,0.02440098167681004,1.0,,,,
2025-12-11,600362,,,0.4866666666666667,0.638025276831456,0.020399309353763433,lightgbm_walk_forward,5,event_aware_ensemble,data_insufficient,-0.0152975475367354,0.0,,,,
2025-12-11,601899,,,0.2566666666666667,0.668584453472291,0.005725234904410942,lightgbm_walk_forward,5,event_aware_ensemble,data_insufficient,0.003709761725268823,1.0,,,,
2025-12-12,000630,,,0.6966666666666665,0.4781107707571048,-0.00926549068664657,lightgbm_walk_forward,5,event_aware_ensemble,data_insufficient,0.03228166081919159,1.0,,,,
2025-12-12,600362,,,0.4666666666666667,0.6034152763836257,0.01997786681042262,lightgbm_walk_forward,5,event_aware_ensemble,data_insufficient,-0.0028141888112718227,0.0,,,,
2025-12-12,601899,,,0.27666666666666667,0.7254738196752832,0.005842529601738684,lightgbm_walk_forward,5,event_aware_ensemble,data_insufficient,-0.03410403478699087,0.0,,,,
2025-12-15,000630,,,0.7233333333333332,0.46384031934261755,-0.011723288347469905,lightgbm_walk_forward,5,event_aware_ensemble,data_insufficient,0.05234371958542461,1.0,,,,
2025-12-15,600362,,,0.45666666666666655,0.6357999725305796,0.020756287410362846,lightgbm_walk_forward,5,event_aware_ensemble,data_insufficient,0.02953664960700131,1.0,,,,
2025-12-15,601899,,,0.25999999999999995,0.7225548504132476,0.01476080604651702,lightgbm_walk_forward,5,event_aware_ensemble,data_insufficient,-0.0560238511062483,0.0,,,,
2025-12-16,000630,,,0.7566666666666666,0.4192275182924884,-0.012511685060094382,lightgbm_walk_forward,5,event_aware_ensemble,data_insufficient,0.039508026854844225,1.0,,,,
2025-12-16,600362,,,0.5066666666666666,0.6345677448605941,0.022562370402863616,lightgbm_walk_forward,5,event_aware_ensemble,data_insufficient,0.04786845557374608,1.0,,,,
2025-12-16,601899,,,0.17666666666666658,0.6242654969415274,0.01137927732048115,lightgbm_walk_forward,5,event_aware_ensemble,data_insufficient,-0.0874356478568935,0.0,,,,
2025-12-17,000630,,,0.7566666666666666,0.4017762262515914,-0.02153844715215181,lightgbm_walk_forward,5,event_aware_ensemble,data_insufficient,0.0402670240914893,1.0,,,,
2025-12-17,600362,,,0.5066666666666666,0.6470085270117237,0.02392606575800387,lightgbm_walk_forward,5,event_aware_ensemble,data_insufficient,0.09139600944782522,1.0,,,,
2025-12-17,601899,,,0.17666666666666658,0.6571729577677369,0.017767911075852853,lightgbm_walk_forward,5,event_aware_ensemble,data_insufficient,-0.07644118368613739,0.0,,,,
2025-12-18,000630,,,0.6733333333333333,0.4065974930564802,-0.022585878009533513,lightgbm_walk_forward,5,event_aware_ensemble,data_insufficient,0.047178412702996386,1.0,,,,
2025-12-18,600362,,,0.5833333333333334,0.6723462606156287,0.022710059053114934,lightgbm_walk_forward,5,event_aware_ensemble,data_insufficient,0.09547471142683195,1.0,,,,
2025-12-18,601899,,,0.1833333333333333,0.6296745645358547,0.023979801212812873,lightgbm_walk_forward,5,event_aware_ensemble,data_insufficient,-0.03715721248107973,0.0,,,,
2025-12-19,000630,,,0.6866666666666665,0.4128515332365615,-0.019563729034249876,lightgbm_walk_forward,5,event_aware_ensemble,data_insufficient,0.025169914530910775,1.0,,,,
2025-12-19,600362,,,0.5133333333333334,0.671982666720002,0.021570087713249527,lightgbm_walk_forward,5,event_aware_ensemble,data_insufficient,0.11397745263970505,1.0,,,,
2025-12-19,601899,,,0.24,0.663770954375824,0.026331122472254147,lightgbm_walk_forward,5,event_aware_ensemble,data_insufficient,-0.04266744968867697,0.0,,,,
2025-12-22,000630,,,0.5700000000000001,0.4057494093471772,-0.020482630777254658,lightgbm_walk_forward,5,event_aware_ensemble,data_insufficient,-0.007291475987662666,0.0,,,,
2025-12-22,600362,,,0.5966666666666667,0.5539973294103772,0.01812692327579332,lightgbm_walk_forward,5,event_aware_ensemble,data_insufficient,0.07016443364906277,1.0,,,,
2025-12-22,601899,,,0.2733333333333333,0.6458981630707943,0.022603003294854266,lightgbm_walk_forward,5,event_aware_ensemble,data_insufficient,-0.03106954059991207,0.0,,,,
2025-12-23,000630,,,0.6199999999999999,0.44687203497359584,-0.019036255358761283,lightgbm_walk_forward,5,event_aware_ensemble,data_insufficient,0.01621848063738196,1.0,,,,
2025-12-23,600362,,,0.5133333333333334,0.47888224335406154,0.008284987590033486,lightgbm_walk_forward,5,event_aware_ensemble,data_insufficient,0.0812657739168905,1.0,,,,
2025-12-23,601899,,,0.30666666666666664,0.7103262463790028,0.01627338189751845,lightgbm_walk_forward,5,event_aware_ensemble,data_insufficient,-0.02462660466272959,0.0,,,,
2025-12-24,000630,,,0.6333333333333333,0.4495430122079298,-0.01802835666367333,lightgbm_walk_forward,5,event_aware_ensemble,data_insufficient,0.022441888623654593,1.0,,,,
2025-12-24,600362,,,0.5,0.4510123818587997,0.006163203603628717,lightgbm_walk_forward,5,event_aware_ensemble,data_insufficient,0.05213539948006041,1.0,,,,
2025-12-24,601899,,,0.30666666666666664,0.6226581650191342,0.01996199391064499,lightgbm_walk_forward,5,event_aware_ensemble,data_insufficient,-0.022978941346378345,0.0,,,,
2025-11-13,000630,,,0.4266666666666667,0.7213102432821806,-0.015329527950461169,lightgbm_walk_forward,20,event_aware_ensemble,data_insufficient,,,0.1848085676536355,1.0,,
2025-11-13,600362,,,0.4633333333333334,0.27628457231147363,0.002732406571075483,lightgbm_walk_forward,20,event_aware_ensemble,data_insufficient,,,0.04843924267676214,1.0,,
2025-11-13,601899,,,0.55,0.818720193866481,0.04504602206613251,lightgbm_walk_forward,20,event_aware_ensemble,data_insufficient,,,-0.0864357897810889,0.0,,
2025-11-14,000630,,,0.41666666666666674,0.8344649069592086,0.003788185859507857,lightgbm_walk_forward,20,event_aware_ensemble,data_insufficient,,,0.1696343016215196,1.0,,
2025-11-14,600362,,,0.5533333333333333,0.3520407887707244,-0.019751410978395386,lightgbm_walk_forward,20,event_aware_ensemble,data_insufficient,,,-0.004539938404923394,0.0,,
2025-11-14,601899,,,0.47000000000000003,0.8153571047814188,0.046050723738764864,lightgbm_walk_forward,20,event_aware_ensemble,data_insufficient,,,-0.05851108086012058,0.0,,
2025-11-17,000630,,,0.37666666666666676,0.8169400476284465,0.006101785737129795,lightgbm_walk_forward,20,event_aware_ensemble,data_insufficient,,,0.17582652620234018,1.0,,
2025-11-17,600362,,,0.5533333333333333,0.43706341806591703,-0.019729061412182503,lightgbm_walk_forward,20,event_aware_ensemble,data_insufficient,,,-0.03362242651894676,0.0,,
2025-11-17,601899,,,0.51,0.785276121274902,0.057367797876775845,lightgbm_walk_forward,20,event_aware_ensemble,data_insufficient,,,-0.032050253199632395,0.0,,
2025-11-18,000630,,,0.42666666666666664,0.7639200910796795,-0.0067873444062462925,lightgbm_walk_forward,20,event_aware_ensemble,data_insufficient,,,0.16576084476769437,1.0,,
2025-11-18,600362,,,0.5866666666666668,0.46919896633508473,-0.008005448095597317,lightgbm_walk_forward,20,event_aware_ensemble,data_insufficient,,,-0.012156065736416366,0.0,,
2025-11-18,601899,,,0.4266666666666666,0.7480487083300552,-0.005287849326057012,lightgbm_walk_forward,20,event_aware_ensemble,data_insufficient,,,-0.051072819055654306,0.0,,
2025-11-19,000630,,,0.40333333333333343,0.7292089866344781,-0.017754521561621935,lightgbm_walk_forward,20,event_aware_ensemble,data_insufficient,,,0.16479041120069482,1.0,,
2025-11-19,600362,,,0.5599999999999999,0.4995879668473262,-0.0005011088337334297,lightgbm_walk_forward,20,event_aware_ensemble,data_insufficient,,,-0.005682008242952286,0.0,,
2025-11-19,601899,,,0.4766666666666666,0.8317128242477915,0.024459870576442534,lightgbm_walk_forward,20,event_aware_ensemble,data_insufficient,,,-0.053525658468492,0.0,,
2025-11-20,000630,,,0.40333333333333343,0.7771917574815619,-0.005198687032019448,lightgbm_walk_forward,20,event_aware_ensemble,data_insufficient,,,0.17458835988371457,1.0,,
2025-11-20,600362,,,0.5266666666666667,0.5687779981344149,-0.006981416258890052,lightgbm_walk_forward,20,event_aware_ensemble,data_insufficient,,,-0.05866403942256504,0.0,,
2025-11-20,601899,,,0.51,0.6979389710975816,0.015543577715610135,lightgbm_walk_forward,20,event_aware_ensemble,data_insufficient,,,-0.1001225850632983,0.0,,
2025-11-21,000630,,,0.42000000000000004,0.6507847029831434,0.0011696009448854071,lightgbm_walk_forward,20,event_aware_ensemble,data_insufficient,,,0.21765868904389385,1.0,,
2025-11-21,600362,,,0.5866666666666668,0.4730929732139712,-0.007555391016140187,lightgbm_walk_forward,20,event_aware_ensemble,data_insufficient,,,-0.05512576365465205,0.0,,
2025-11-21,601899,,,0.4333333333333334,0.6985453987969377,0.010844574911816484,lightgbm_walk_forward,20,event_aware_ensemble,data_insufficient,,,-0.10554992320370182,0.0,,
2025-11-24,000630,,,0.42000000000000004,0.47374181304031177,-0.007775593705854391,lightgbm_walk_forward,20,event_aware_ensemble,data_insufficient,,,0.20744784344520562,1.0,,
2025-11-24,600362,,,0.5599999999999999,0.747726459269729,-0.004234786762815254,lightgbm_walk_forward,20,event_aware_ensemble,data_insufficient,,,-0.0688165447853275,0.0,,
2025-11-24,601899,,,0.46,0.6228404157860992,0.009048870748125666,lightgbm_walk_forward,20,event_aware_ensemble,data_insufficient,,,-0.12019819770618911,0.0,,
2025-11-25,000630,,,0.4533333333333333,0.4318370907919563,-0.0025323023868551718,lightgbm_walk_forward,20,event_aware_ensemble,data_insufficient,,,0.21713543220729714,1.0,,
2025-11-25,600362,,,0.5,0.6974135020585983,0.016596157274054002,lightgbm_walk_forward,20,event_aware_ensemble,data_insufficient,,,0.009055682304021095,1.0,,
2025-11-25,601899,,,0.48666666666666664,0.7569375389212633,0.023189068401304816,lightgbm_walk_forward,20,event_aware_ensemble,data_insufficient,,,-0.13272833364707348,0.0,,
2025-11-26,000630,,,0.3433333333333334,0.4069835422217306,-0.013635328827193172,lightgbm_walk_forward,20,event_aware_ensemble,data_insufficient,,,0.20921316083049923,1.0,,
2025-11-26,600362,,,0.5,0.789219442922101,0.015882007236793307,lightgbm_walk_forward,20,event_aware_ensemble,data_insufficient,,,0.04734524147794028,1.0,,
2025-11-26,601899,,,0.5966666666666667,0.7798674748978441,0.033211860971954395,lightgbm_walk_forward,20,event_aware_ensemble,data_insufficient,,,-0.12361815973234458,0.0,,
2025-11-27,000630,,,0.2366666666666667,0.43724759730460583,-0.015459911776460352,lightgbm_walk_forward,20,event_aware_ensemble,data_insufficient,,,0.1954928132510647,1.0,,
2025-11-27,600362,,,0.5833333333333333,0.6906418377174393,0.028541192186703757,lightgbm_walk_forward,20,event_aware_ensemble,data_insufficient,,,0.018859579050914732,1.0,,
2025-11-27,601899,,,0.62,0.8265992114920622,0.07064571764617074,lightgbm_walk_forward,20,event_aware_ensemble,data_insufficient,,,-0.10392561014631052,0.0,,
2025-11-28,000630,,,0.22333333333333333,0.32935427781741833,-0.013860017334039925,lightgbm_walk_forward,20,event_aware_ensemble,data_insufficient,,,0.17695922887525284,1.0,,
2025-11-28,600362,,,0.5366666666666666,0.8607565225867141,0.012989413538415574,lightgbm_walk_forward,20,event_aware_ensemble,data_insufficient,,,0.06798612193315257,1.0,,
2025-11-28,601899,,,0.6799999999999999,0.8831707264796305,0.08111110045457216,lightgbm_walk_forward,20,event_aware_ensemble,data_insufficient,,,-0.11653428318642256,0.0,,
2025-12-01,000630,,,0.4700000000000001,0.18128338805098587,-0.01055339545023159,lightgbm_walk_forward,20,event_aware_ensemble,data_insufficient,,,0.10760602399055474,1.0,,
2025-12-01,600362,,,0.57,0.6734688814393174,0.007908832151600577,lightgbm_walk_forward,20,event_aware_ensemble,data_insufficient,,,0.03594967276451655,1.0,,
2025-12-01,601899,,,0.39999999999999997,0.8023498517128892,0.10208120857498842,lightgbm_walk_forward,20,event_aware_ensemble,data_insufficient,,,-0.08144285631793446,0.0,,
2025-12-02,000630,,,0.5466666666666666,0.3443431338154001,-0.012397577805888878,lightgbm_walk_forward,20,event_aware_ensemble,data_insufficient,,,0.09059129349421013,1.0,,
2025-12-02,600362,,,0.57,0.6952147679594394,0.012139001456443739,lightgbm_walk_forward,20,event_aware_ensemble,data_insufficient,,,0.07443055761200768,1.0,,
2025-12-02,601899,,,0.32333333333333336,0.7897954981459195,0.09541220100317704,lightgbm_walk_forward,20,event_aware_ensemble,data_insufficient,,,-0.042039806497989884,0.0,,
2025-12-03,000630,,,0.6233333333333335,0.26527982963241464,-0.02262823537228625,lightgbm_walk_forward,20,event_aware_ensemble,data_insufficient,,,0.09648299942363825,1.0,,
2025-12-03,600362,,,0.47,0.7204748077398713,0.014988186783272529,lightgbm_walk_forward,20,event_aware_ensemble,data_insufficient,,,0.09212622067476506,1.0,,
2025-12-03,601899,,,0.3466666666666666,0.827454505895679,0.1208813336671303,lightgbm_walk_forward,20,event_aware_ensemble,data_insufficient,,,-0.03158471365793336,0.0,,
2025-10-08,000630,,,0.5700000000000001,0.9318333631144289,0.1623058668843628,lightgbm_walk_forward,60,event_aware_ensemble,data_insufficient,,,,,0.15488468954571655,1.0
2025-10-08,600362,,,0.6866666666666668,0.6742639390075352,0.09942598931122729,lightgbm_walk_forward,60,event_aware_ensemble,data_insufficient,,,,,0.22703726143450886,1.0
2025-10-08,601899,,,0.1833333333333333,0.9481141020828933,0.1036005368322166,lightgbm_walk_forward,60,event_aware_ensemble,data_insufficient,,,,,-0.06190679784649533,0.0
