cohort_level,cohort_key,horizon_days,sample_count,mean_return,median_return,positive_rate,mean_excess_return_proxy,return_std,t_stat,avg_source_reliability,avg_entity_link_confidence,evidence_status,can_enter_trusted_model,reason
event_type,general_news,1,13907,-0.0014813363976593716,-0.002262443438914019,0.4563169626806644,-0.002149859400144666,0.03425292391725669,-5.100030476832993,0.9355037031710648,0.9996908031926368,candidate_for_walk_forward,False,requires walk-forward baseline comparison before model use
event_type,commodity_shock,1,5005,0.0005306215256925048,0.0,0.4851148851148851,0.00020331897807332716,0.035659012655413824,1.0527314338467393,0.7610489510489511,0.9996303696303696,candidate_for_walk_forward,False,requires walk-forward baseline comparison before model use
event_type,shareholder_change,1,2408,-0.0006385939097706265,-0.002262443438914019,0.4597176079734219,-0.001020718179396291,0.031869525371109764,-0.9832804808569483,0.9365448504983388,0.9998131229235881,watchlist,False,"sample_count=2408, t_stat=-0.98"
event_type,fund_flow,1,583,-0.002993471766017485,-0.004314994606256617,0.451114922813036,0.0022306701081918155,0.036289564303937864,-1.9917172723777592,0.6983704974271012,0.991852487135506,candidate_for_walk_forward,False,requires walk-forward baseline comparison before model use
event_type,buyback_dividend,1,522,-0.00017555644166262013,-0.002695496123862051,0.4521072796934866,0.0010103119101170918,0.027582622042021766,-0.14541743257096257,0.9287356321839079,0.9995210727969349,watchlist,False,"sample_count=522, t_stat=-0.15"
event_type,performance_miss,1,137,-0.00645270999894514,0.0,0.48175182481751827,-0.009924550992123195,0.048242792566969284,-1.5655609911824304,0.6828467153284672,0.9992700729927008,candidate_for_walk_forward,False,requires walk-forward baseline comparison before model use
event_type,industry_policy,1,116,-0.0074841893202606015,-0.004769856857960886,0.43103448275862066,-0.008207995159279051,0.03860830025775146,-2.087820114759259,0.931896551724138,1.0,candidate_for_walk_forward,False,requires walk-forward baseline comparison before model use
event_type,ma_restructuring,1,99,0.007371007405201428,0.002507163323782091,0.5050505050505051,0.008363218631522623,0.03612710156068237,2.0300714560996074,0.9045454545454547,0.9994949494949495,candidate_for_walk_forward,False,requires walk-forward baseline comparison before model use
event_type,regulatory_inquiry,1,97,-0.0018655705177763775,-0.01056676272814605,0.4329896907216495,-0.0035564722773089304,0.05336779579613251,-0.3442851344093584,0.9376288659793814,1.0,watchlist,False,"sample_count=97, t_stat=-0.34"
event_type,order_contract,1,90,-0.0033688037305427488,-0.0018522043655830323,0.4666666666666667,-0.0025732927316043162,0.03237751178747441,-0.9870825944112693,0.8366666666666668,1.0,watchlist,False,"sample_count=90, t_stat=-0.99"
event_type,public_opinion_risk,1,70,-0.01294351120812747,-0.005964178751867277,0.38571428571428573,-0.015134786001045541,0.04351376991762199,-2.488710688900901,0.932857142857143,1.0,candidate_for_walk_forward,False,requires walk-forward baseline comparison before model use
event_type,performance_beat,1,66,0.00768545059428198,-0.00351629376315743,0.45454545454545453,0.008749646081568004,0.03458879410926583,1.805119183618869,0.6636363636363636,1.0,candidate_for_walk_forward,False,requires walk-forward baseline comparison before model use
event_type,capacity_operation,1,32,-0.002829826729015692,0.0010964912280702066,0.5,-0.0025332247215108894,0.02552637749284053,-0.6271127723410552,0.8374999999999999,0.9984375,watchlist,False,"sample_count=32, t_stat=-0.63"
event_type_reliability,general_news|high,1,13235,-0.001156517971400457,-0.0017301038062284002,0.4618058179070646,-0.0021228115729282912,0.03416896386136137,-3.893879871194833,0.9499999999999998,0.9999962221382698,candidate_for_walk_forward,False,requires walk-forward baseline comparison before model use
event_type_reliability,commodity_shock|medium,1,4670,0.00020926655945694686,-0.0008714622234765601,0.4777301927194861,7.319249104061587e-05,0.03590328252077167,0.39831266699326195,0.7474946466809422,0.9996038543897215,watchlist,False,"sample_count=4670, t_stat=0.40"
event_type_reliability,shareholder_change|high,1,2300,-0.00027972471677920735,-0.002169197396963307,0.46217391304347827,-0.0008361911030956146,0.031567206054459764,-0.4249703354376902,0.95,1.0,watchlist,False,"sample_count=2300, t_stat=-0.42"
event_type_reliability,general_news|medium,1,672,-0.00787861596839856,-0.010677924012912787,0.3482142857142857,-0.002682564747181455,0.03528804026385834,-5.787713545069942,0.6500000000000001,0.9936755952380952,candidate_for_walk_forward,False,requires walk-forward baseline comparison before model use
event_type_reliability,fund_flow|medium,1,489,-0.003943279394717041,-0.005350454788657144,0.44171779141104295,0.002681733082086772,0.03635770839452738,-2.3983660995702354,0.65,0.9902862985685071,candidate_for_walk_forward,False,requires walk-forward baseline comparison before model use
event_type_reliability,buyback_dividend|high,1,485,-0.000387218251468682,-0.002807486631015932,0.44742268041237115,0.0004572704465140372,0.027970544855281596,-0.30487777232297814,0.9499999999999997,1.0,watchlist,False,"sample_count=485, t_stat=-0.30"
event_type_reliability,commodity_shock|high,1,335,0.005010405681871768,0.0035190615835776207,0.5880597014925373,0.002017321051036797,0.031771669608339,2.8863916334487802,0.95,1.0,candidate_for_walk_forward,False,requires walk-forward baseline comparison before model use
event_type_reliability,performance_miss|medium,1,122,-0.003893875939092174,0.0,0.48360655737704916,-0.007847142656891902,0.042613909744822175,-1.0092776222824287,0.6500000000000002,0.9991803278688525,candidate_for_walk_forward,False,requires walk-forward baseline comparison before model use
event_type_reliability,industry_policy|high,1,109,-0.007398814170439929,-0.005121451565700874,0.43119266055045874,-0.009006499494128309,0.03925619093440266,-1.96773772246375,0.95,1.0,candidate_for_walk_forward,False,requires walk-forward baseline comparison before model use
event_type_reliability,shareholder_change|medium,1,108,-0.00828117857532863,-0.009470231207772295,0.4074074074074074,-0.004950461470984769,0.037087692240386154,-2.3204606982907863,0.6500000000000002,0.9958333333333333,candidate_for_walk_forward,False,requires walk-forward baseline comparison before model use
event_type_reliability,fund_flow|high,1,94,0.0019475487705153123,-3.159187106283046e-05,0.5,-0.0001158170645170578,0.03571689570646348,0.5286625704402701,0.9500000000000001,1.0,watchlist,False,"sample_count=94, t_stat=0.53"
event_type_reliability,regulatory_inquiry|high,1,93,-0.0010595970525788259,-0.0024420024420024333,0.45161290322580644,-0.0027923008816447647,0.05431643582431303,-0.18812692267767964,0.9500000000000001,1.0,watchlist,False,"sample_count=93, t_stat=-0.19"
event_type_reliability,ma_restructuring|high,1,84,0.008602328863191172,0.0026428213688877156,0.5119047619047619,0.009867384497920096,0.03644439349692074,2.163340881049795,0.9500000000000002,1.0,candidate_for_walk_forward,False,requires walk-forward baseline comparison before model use
event_type_reliability,public_opinion_risk|high,1,66,-0.014761064411864843,-0.005964178751867277,0.3787878787878788,-0.016843565532401426,0.04242104568067981,-2.8268858593910404,0.9500000000000002,1.0,candidate_for_walk_forward,False,requires walk-forward baseline comparison before model use
event_type_reliability,performance_beat|medium,1,63,0.008166744947025843,-0.00302571860816947,0.4603174603174603,0.009070267383745164,0.03518785125926789,1.8421564867533176,0.6499999999999998,1.0,candidate_for_walk_forward,False,requires walk-forward baseline comparison before model use
event_type_reliability,order_contract|high,1,56,0.0010430044583540057,0.00120481927710836,0.5357142857142857,0.0007688600615832679,0.027517953697237665,0.28363775729662416,0.9500000000000001,1.0,watchlist,False,"sample_count=56, t_stat=0.28"
event_type_reliability,buyback_dividend|medium,1,37,0.002598929443633056,0.00012106537530276462,0.5135135135135135,0.008259639203292266,0.02199288242154411,0.7188084915660651,0.6499999999999998,0.9932432432432432,watchlist,False,"sample_count=37, t_stat=0.72"
event_type_reliability,order_contract|medium,1,34,-0.010635311335784462,-0.009079118028534228,0.35294117647058826,-0.008078014979207395,0.03844147615217419,-1.613205188587814,0.6499999999999999,1.0,watchlist,False,"sample_count=34, t_stat=-1.61"
event_type_reliability,capacity_operation|high,1,20,-0.00090014351865782,0.0032942934258725076,0.55,-0.001117759821292446,0.029521271471857808,-0.13636147746166632,0.9499999999999998,1.0,watchlist,False,"sample_count=20, t_stat=-0.14"
event_type_reliability,ma_restructuring|medium,1,15,0.00047560724045886036,0.0,0.4666666666666667,-6.0110220303230084e-05,0.0346675743704649,0.05313376995888538,0.6500000000000001,0.9966666666666666,data_insufficient,False,"sample_count=15, minimum=20"
event_type_reliability,performance_miss|high,1,15,-0.027264560352415933,-0.02840909090909094,0.4666666666666667,-0.026820805452004375,0.07995388276159275,-1.3207011909782878,0.9499999999999996,1.0,data_insufficient,False,"sample_count=15, minimum=20"
event_type_reliability,capacity_operation|medium,1,12,-0.006045965412945479,-0.006876568582547038,0.4166666666666667,-0.004892332888541629,0.017689941533053838,-1.1839405185663083,0.6500000000000001,0.9958333333333332,data_insufficient,False,"sample_count=12, minimum=20"
event_type_reliability,industry_policy|medium,1,7,-0.00881360236746823,-0.003252032520325243,0.42857142857142855,0.00422585805480226,0.028788570836034696,-0.809995055042577,0.65,1.0,data_insufficient,False,"sample_count=7, minimum=20"
event_type_reliability,public_opinion_risk|medium,1,4,0.017046116653539223,-0.004088288834951437,0.5,0.013060076266326517,0.05733512368216332,0.5946134082847435,0.65,1.0,data_insufficient,False,"sample_count=4, minimum=20"
event_type_reliability,regulatory_inquiry|medium,1,4,-0.020604453583619453,-0.01616868689739087,0.0,-0.021323457226500808,0.013283607899787258,-3.102237545561615,0.65,1.0,data_insufficient,False,"sample_count=4, minimum=20"
event_type_reliability,performance_beat|high,1,3,-0.0024217308133391477,-0.005412719891745743,0.3333333333333333,0.0020165987358476394,0.018391340387337668,-0.2280725995287671,0.9499999999999998,1.0,data_insufficient,False,"sample_count=3, minimum=20"
event_type_sentiment,general_news|neutral,1,13906,-0.0014794613639215679,-0.002262443438914019,0.456349777074644,-0.002148711738886557,0.03425344182491366,-5.093314857798737,0.935524234143535,0.99969078095786,candidate_for_walk_forward,False,requires walk-forward baseline comparison before model use
event_type_sentiment,commodity_shock|positive,1,2855,0.00026939667222830366,-0.0016741071428572063,0.47180385288966725,0.0004917745798515603,0.03688501336139853,0.39025218011355206,0.7693695271453591,0.9993520140105079,watchlist,False,"sample_count=2855, t_stat=0.39"
event_type_sentiment,shareholder_change|neutral,1,2408,-0.0006385939097706265,-0.002262443438914019,0.4597176079734219,-0.001020718179396291,0.031869525371109764,-0.9832804808569483,0.9365448504983388,0.9998131229235881,watchlist,False,"sample_count=2408, t_stat=-0.98"
event_type_sentiment,commodity_shock|negative,1,2150,0.000877503831106594,0.0006539094857677119,0.5027906976744186,-0.00017972322800893065,0.0339680661684095,1.1978361849734174,0.75,1.0,candidate_for_walk_forward,False,requires walk-forward baseline comparison before model use
event_type_sentiment,fund_flow|neutral,1,583,-0.002993471766017485,-0.004314994606256617,0.451114922813036,0.0022306701081918155,0.036289564303937864,-1.9917172723777592,0.6983704974271012,0.991852487135506,candidate_for_walk_forward,False,requires walk-forward baseline comparison before model use
event_type_sentiment,buyback_dividend|positive,1,522,-0.00017555644166262013,-0.002695496123862051,0.4521072796934866,0.0010103119101170918,0.027582622042021766,-0.14541743257096257,0.9287356321839079,0.9995210727969349,watchlist,False,"sample_count=522, t_stat=-0.15"
event_type_sentiment,performance_miss|negative,1,137,-0.00645270999894514,0.0,0.48175182481751827,-0.009924550992123195,0.048242792566969284,-1.5655609911824304,0.6828467153284672,0.9992700729927008,candidate_for_walk_forward,False,requires walk-forward baseline comparison before model use
event_type_sentiment,industry_policy|neutral,1,116,-0.0074841893202606015,-0.004769856857960886,0.43103448275862066,-0.008207995159279051,0.03860830025775146,-2.087820114759259,0.931896551724138,1.0,candidate_for_walk_forward,False,requires walk-forward baseline comparison before model use
event_type_sentiment,ma_restructuring|positive,1,99,0.007371007405201428,0.002507163323782091,0.5050505050505051,0.008363218631522623,0.03612710156068237,2.0300714560996074,0.9045454545454547,0.9994949494949495,candidate_for_walk_forward,False,requires walk-forward baseline comparison before model use
event_type_sentiment,regulatory_inquiry|negative,1,97,-0.0018655705177763775,-0.01056676272814605,0.4329896907216495,-0.0035564722773089304,0.05336779579613251,-0.3442851344093584,0.9376288659793814,1.0,watchlist,False,"sample_count=97, t_stat=-0.34"
event_type_sentiment,order_contract|positive,1,90,-0.0033688037305427488,-0.0018522043655830323,0.4666666666666667,-0.0025732927316043162,0.03237751178747441,-0.9870825944112693,0.8366666666666668,1.0,watchlist,False,"sample_count=90, t_stat=-0.99"
event_type_sentiment,public_opinion_risk|negative,1,70,-0.01294351120812747,-0.005964178751867277,0.38571428571428573,-0.015134786001045541,0.04351376991762199,-2.488710688900901,0.932857142857143,1.0,candidate_for_walk_forward,False,requires walk-forward baseline comparison before model use
event_type_sentiment,performance_beat|positive,1,66,0.00768545059428198,-0.00351629376315743,0.45454545454545453,0.008749646081568004,0.03458879410926583,1.805119183618869,0.6636363636363636,1.0,candidate_for_walk_forward,False,requires walk-forward baseline comparison before model use
event_type_sentiment,capacity_operation|positive,1,32,-0.002829826729015692,0.0010964912280702066,0.5,-0.0025332247215108894,0.02552637749284053,-0.6271127723410552,0.8374999999999999,0.9984375,watchlist,False,"sample_count=32, t_stat=-0.63"
event_type_sentiment,general_news|positive,1,1,-0.027555555555555555,-0.027555555555555555,0.0,-0.018109236855409286,0.0,0.0,0.65,1.0,data_insufficient,False,"sample_count=1, minimum=20"
sentiment,neutral,1,17013,-0.0014532700794780118,-0.002263467632412808,0.45647446070651854,-0.0018802986881998043,0.03403338031417969,-5.569698626118948,0.9275171927349671,0.999441603479692,candidate_for_walk_forward,False,requires walk-forward baseline comparison before model use
sentiment,positive,1,3665,0.0004074090483952431,-0.0019508388607101246,0.46957708049113234,0.0008202089371550912,0.03546846256725823,0.6953849642109429,0.7960300136425648,0.999399727148704,watchlist,False,"sample_count=3665, t_stat=0.70"
sentiment,negative,1,2454,-3.439044733885043e-05,0.0,0.49551752241238795,-0.0012838146931997692,0.036228602890866844,-0.04702442760011063,0.7588834555827222,0.999959250203749,watchlist,False,"sample_count=2454, t_stat=-0.05"
source_category,official_disclosure,1,16895,-0.0009356971695625004,-0.0017301038062284002,0.4641609943770346,-0.001836740311509303,0.03392168792751314,-3.585394594619059,0.9499999999999997,0.9999970405445399,candidate_for_walk_forward,False,requires walk-forward baseline comparison before model use
source_category,market_data,1,4553,0.00012114117963860348,-0.0008576329331045907,0.4772677355589721,-4.793636342996275e-05,0.03578596524791081,0.22841671831391575,0.75,1.0,watchlist,False,"sample_count=4553, t_stat=0.23"
source_category,public_finance_media,1,1684,-0.004785437036043056,-0.00717653791130185,0.4085510688836104,-0.000524914049368052,0.036543436486759465,-5.373821848156285,0.6500000000000001,0.9930225653206651,candidate_for_walk_forward,False,requires walk-forward baseline comparison before model use
event_type,general_news,5,13451,0.004944151127864613,0.0,0.49029811909895177,-0.003507687531503551,0.07487188509780371,7.658615316039485,0.9399858746561591,0.9997844026466434,candidate_for_walk_forward,False,requires walk-forward baseline comparison before model use
event_type,commodity_shock,5,4821,0.0045436187589755804,-0.001686340640809414,0.48413192283758555,0.003064067590900995,0.08571887989533404,3.6803910190955733,0.7619684712715203,0.9997822028624767,candidate_for_walk_forward,False,requires walk-forward baseline comparison before model use
event_type,shareholder_change,5,2294,0.0015619192033125369,-0.0053409204352600215,0.45422842197035745,-0.0008407230114592484,0.07704832413577195,0.9709392872101262,0.9430688753269398,0.9998474280732346,watchlist,False,"sample_count=2294, t_stat=0.97"
event_type,buyback_dividend,5,498,0.0038604020071811556,-0.002470518947753242,0.4718875502008032,0.00026327421902192183,0.06465924391858828,1.3323446494217916,0.9349397590361443,0.9996987951807229,candidate_for_walk_forward,False,requires walk-forward baseline comparison before model use
event_type,fund_flow,5,358,-0.01969219187127751,-0.026315789473684237,0.31843575418994413,-0.0005294338445537615,0.07764552073087261,-4.798650996918704,0.7245810055865922,0.9918994413407822,candidate_for_walk_forward,False,requires walk-forward baseline comparison before model use
event_type,performance_miss,5,131,0.008765053549607979,0.006188118811881305,0.5801526717557252,-0.019844697232399313,0.09136798375401958,1.0979844265280652,0.684351145038168,0.9996183206106869,candidate_for_walk_forward,False,requires walk-forward baseline comparison before model use
event_type,industry_policy,5,114,0.000598454606670319,-0.0014643607733247355,0.4649122807017544,-0.011049774022680928,0.08044888912037863,0.07942616405984677,0.9368421052631579,1.0,watchlist,False,"sample_count=114, t_stat=0.08"
event_type,ma_restructuring,5,94,0.02136341914067915,0.0010027298947591357,0.5319148936170213,0.032925434357924256,0.10731154212661824,1.9301375155268476,0.918085106382979,1.0,candidate_for_walk_forward,False,requires walk-forward baseline comparison before model use
event_type,regulatory_inquiry,5,91,-0.011902253832852967,-0.004444444444444362,0.4945054945054945,-0.010732143941918888,0.10129134610182282,-1.12092759681167,0.9368131868131869,1.0,candidate_for_walk_forward,False,requires walk-forward baseline comparison before model use
event_type,order_contract,5,69,-0.0053639696251374745,0.0007980845969672856,0.5072463768115942,-0.0003013904679802207,0.07345254685205282,-0.6066022214026119,0.8760869565217393,1.0,watchlist,False,"sample_count=69, t_stat=-0.61"
event_type,public_opinion_risk,5,63,-0.026601424105568823,-0.011044638748274327,0.3968253968253968,-0.03559578051953003,0.09551051968192953,-2.2106701839088583,0.9404761904761907,1.0,candidate_for_walk_forward,False,requires walk-forward baseline comparison before model use
event_type,performance_beat,5,56,-0.0014902340281842158,-0.013514202390002505,0.375,-0.013365247365799688,0.05462775500334642,-0.20414330258440172,0.6660714285714285,1.0,watchlist,False,"sample_count=56, t_stat=-0.20"
event_type,capacity_operation,5,28,-0.0014312487757589532,0.0014587892049600093,0.5714285714285714,0.0011384843860193206,0.047197088321438756,-0.16046448878939684,0.8535714285714283,1.0,watchlist,False,"sample_count=28, t_stat=-0.16"
event_type_reliability,general_news|high,5,13002,0.0058123435663173986,0.0,0.49730810644516227,-0.003344903428810332,0.0748327496881769,8.856551551043177,0.9499999999999998,0.9999961544377789,candidate_for_walk_forward,False,requires walk-forward baseline comparison before model use
event_type_reliability,commodity_shock|medium,5,4499,0.0035206752851306626,-0.0023121387283236983,0.47832851744832183,0.002680262759897533,0.08669899235718995,2.7237667761180604,0.7485107801733719,0.9997666148032895,candidate_for_walk_forward,False,requires walk-forward baseline comparison before model use
event_type_reliability,shareholder_change|high,5,2241,0.002515995510811656,-0.004394079555966601,0.4609549308344489,-0.0005387736953601903,0.07712971267147616,1.5442196576356304,0.95,1.0,candidate_for_walk_forward,False,requires walk-forward baseline comparison before model use
event_type_reliability,buyback_dividend|high,5,473,0.00562768720209384,-0.00024709661477628764,0.4883720930232558,0.0002779316533965093,0.06518973676794226,1.8775058266713156,0.9499999999999998,1.0,candidate_for_walk_forward,False,requires walk-forward baseline comparison before model use
event_type_reliability,general_news|medium,5,449,-0.020196690931741455,-0.024997871807270533,0.2873051224944321,-0.00822153809546177,0.07164485349719175,-5.97335589702776,0.65,0.993652561247216,candidate_for_walk_forward,False,requires walk-forward baseline comparison before model use
event_type_reliability,commodity_shock|high,5,322,0.01883623580502614,0.00978235846216513,0.5652173913043478,0.008426607760728858,0.06915984860165494,4.887288996038331,0.95,1.0,candidate_for_walk_forward,False,requires walk-forward baseline comparison before model use
event_type_reliability,fund_flow|medium,5,269,-0.03316486640696567,-0.03533878757998199,0.2342007434944238,-0.004555355705126162,0.07058282945557466,-7.706467092991653,0.6500000000000001,0.9892193308550187,candidate_for_walk_forward,False,requires walk-forward baseline comparison before model use
event_type_reliability,performance_miss|medium,5,116,0.013992170737503046,0.0067145338129319665,0.5862068965517241,-0.015775115559093895,0.07722771165461832,1.9513758420812304,0.6500000000000002,0.9995689655172414,candidate_for_walk_forward,False,requires walk-forward baseline comparison before model use
event_type_reliability,industry_policy|high,5,109,0.0016261318507916763,0.0,0.48623853211009177,-0.011806657610142808,0.08206034273025391,0.20688817986020822,0.95,1.0,watchlist,False,"sample_count=109, t_stat=0.21"
event_type_reliability,fund_flow|high,5,89,0.02102858846692604,0.006792452830188811,0.5730337078651685,0.011638801891333607,0.08398641812247472,2.3620879573821956,0.95,1.0,candidate_for_walk_forward,False,requires walk-forward baseline comparison before model use
event_type_reliability,regulatory_inquiry|high,5,87,-0.009730956377115584,0.0021222410865873176,0.5172413793103449,-0.009178607556748831,0.10295628024699656,-0.881581176599246,0.9500000000000002,1.0,watchlist,False,"sample_count=87, t_stat=-0.88"
event_type_reliability,ma_restructuring|high,5,84,0.024068459869675318,0.002107527037711332,0.5476190476190477,0.03515914481726852,0.10913350101567686,2.0212957192301624,0.9500000000000002,1.0,candidate_for_walk_forward,False,requires walk-forward baseline comparison before model use
event_type_reliability,public_opinion_risk|high,5,61,-0.027466208034750722,-0.011044638748274327,0.39344262295081966,-0.03744816230245337,0.09692431807633733,-2.2132520162054976,0.9500000000000003,1.0,candidate_for_walk_forward,False,requires walk-forward baseline comparison before model use
event_type_reliability,performance_beat|medium,5,53,0.0005262203454886489,-0.008643042350907626,0.39622641509433965,-0.010824340905538406,0.05524887710750859,0.06933972492649773,0.6499999999999999,1.0,watchlist,False,"sample_count=53, t_stat=0.07"
event_type_reliability,shareholder_change|medium,5,53,-0.03877930730811252,-0.023655913978494647,0.16981132075471697,-0.013608051641232638,0.06174239760126178,-4.572508188886217,0.6499999999999999,0.9933962264150943,candidate_for_walk_forward,False,requires walk-forward baseline comparison before model use
event_type_reliability,order_contract|high,5,52,0.005123681698354043,0.0056385886680271335,0.5576923076923077,0.003138460760751726,0.07405639235510754,0.4989089123863544,0.9500000000000003,1.0,watchlist,False,"sample_count=52, t_stat=0.50"
event_type_reliability,buyback_dividend|medium,5,25,-0.02957663388056685,-0.03295454545454557,0.16,-1.4044439345261006e-05,0.04212037056802978,-3.5109655354048708,0.65,0.9940000000000001,watchlist,False,"sample_count=25, t_stat=-3.51"
event_type_reliability,capacity_operation|high,5,19,0.016939170388335836,0.009681881051175623,0.7894736842105263,0.007794055097851585,0.04045957372408732,1.8249359821162605,0.9499999999999998,1.0,data_insufficient,False,"sample_count=19, minimum=20"
event_type_reliability,order_contract|medium,5,17,-0.03744384426169976,-0.0657608695652172,0.35294117647058826,-0.010823288344101468,0.06322700398943898,-2.4417561354947845,0.65,1.0,data_insufficient,False,"sample_count=17, minimum=20"
event_type_reliability,performance_miss|high,5,15,-0.031657986036780515,0.003759398496240518,0.5333333333333333,-0.051316128839294546,0.1629418369755483,-0.7524823272571634,0.9499999999999996,1.0,data_insufficient,False,"sample_count=15, minimum=20"
event_type_reliability,ma_restructuring|medium,5,10,-0.001358922982888655,-0.04679478683224292,0.4,0.014162266499432474,0.09228494175493217,-0.04656547112626316,0.6500000000000001,1.0,data_insufficient,False,"sample_count=10, minimum=20"
event_type_reliability,capacity_operation|medium,5,9,-0.04021324478884795,-0.042128603104212736,0.1111111111111111,-0.012912164894515465,0.03662360645454429,-3.294042997001863,0.65,1.0,data_insufficient,False,"sample_count=9, minimum=20"
event_type_reliability,industry_policy|medium,5,5,-0.02180490931517527,-0.015776699029126262,0.0,0.005450288183988067,0.019058007209339534,-2.558360847300781,0.65,1.0,data_insufficient,False,"sample_count=5, minimum=20"
event_type_reliability,regulatory_inquiry|medium,5,4,-0.05912797349514104,-0.049974781787805345,0.0,-0.044521560319367506,0.02865570096170783,-4.1267860502978335,0.65,1.0,data_insufficient,False,"sample_count=4, minimum=20"
event_type_reliability,performance_beat|high,5,3,-0.03711426129640483,-0.03653585926928282,0.0,-0.05825459483041559,0.026277598447161273,-2.4463341419887166,0.9499999999999998,1.0,data_insufficient,False,"sample_count=3, minimum=20"
event_type_reliability,public_opinion_risk|medium,5,2,-0.00022551426552103182,-0.00022551426552103182,0.5,0.02090186385963181,0.02199269640366035,-0.014501420242193232,0.65,1.0,data_insufficient,False,"sample_count=2, minimum=20"
event_type_sentiment,general_news|neutral,5,13450,0.004950268412954664,0.0,0.49033457249070633,-0.0035054696023344733,0.07487130697039623,7.6678653101653325,0.9400074349442377,0.9997843866171005,candidate_for_walk_forward,False,requires walk-forward baseline comparison before model use
event_type_sentiment,commodity_shock|positive,5,2767,-0.0025715671526628557,-0.007668019846639673,0.44307914709071194,-7.38048764540915e-05,0.08843675087534587,-1.5295711054179029,0.7708529092880377,0.9996205276472714,candidate_for_walk_forward,False,requires walk-forward baseline comparison before model use
event_type_sentiment,shareholder_change|neutral,5,2294,0.0015619192033125369,-0.0053409204352600215,0.45422842197035745,-0.0008407230114592484,0.07704832413577195,0.9709392872101262,0.9430688753269398,0.9998474280732346,watchlist,False,"sample_count=2294, t_stat=0.97"
event_type_sentiment,commodity_shock|negative,5,2054,0.01412868176652356,0.00432299096158506,0.5394352482960078,0.007291182058852075,0.08095328991398794,7.909833828167015,0.75,1.0,candidate_for_walk_forward,False,requires walk-forward baseline comparison before model use
event_type_sentiment,buyback_dividend|positive,5,498,0.0038604020071811556,-0.002470518947753242,0.4718875502008032,0.00026327421902192183,0.06465924391858828,1.3323446494217916,0.9349397590361443,0.9996987951807229,candidate_for_walk_forward,False,requires walk-forward baseline comparison before model use
event_type_sentiment,fund_flow|neutral,5,358,-0.01969219187127751,-0.026315789473684237,0.31843575418994413,-0.0005294338445537615,0.07764552073087261,-4.798650996918704,0.7245810055865922,0.9918994413407822,candidate_for_walk_forward,False,requires walk-forward baseline comparison before model use
event_type_sentiment,performance_miss|negative,5,131,0.008765053549607979,0.006188118811881305,0.5801526717557252,-0.019844697232399313,0.09136798375401958,1.0979844265280652,0.684351145038168,0.9996183206106869,candidate_for_walk_forward,False,requires walk-forward baseline comparison before model use
event_type_sentiment,industry_policy|neutral,5,114,0.000598454606670319,-0.0014643607733247355,0.4649122807017544,-0.011049774022680928,0.08044888912037863,0.07942616405984677,0.9368421052631579,1.0,watchlist,False,"sample_count=114, t_stat=0.08"
event_type_sentiment,ma_restructuring|positive,5,94,0.02136341914067915,0.0010027298947591357,0.5319148936170213,0.032925434357924256,0.10731154212661824,1.9301375155268476,0.918085106382979,1.0,candidate_for_walk_forward,False,requires walk-forward baseline comparison before model use
event_type_sentiment,regulatory_inquiry|negative,5,91,-0.011902253832852967,-0.004444444444444362,0.4945054945054945,-0.010732143941918888,0.10129134610182282,-1.12092759681167,0.9368131868131869,1.0,candidate_for_walk_forward,False,requires walk-forward baseline comparison before model use
event_type_sentiment,order_contract|positive,5,69,-0.0053639696251374745,0.0007980845969672856,0.5072463768115942,-0.0003013904679802207,0.07345254685205282,-0.6066022214026119,0.8760869565217393,1.0,watchlist,False,"sample_count=69, t_stat=-0.61"
event_type_sentiment,public_opinion_risk|negative,5,63,-0.026601424105568823,-0.011044638748274327,0.3968253968253968,-0.03559578051953003,0.09551051968192953,-2.2106701839088583,0.9404761904761907,1.0,candidate_for_walk_forward,False,requires walk-forward baseline comparison before model use
event_type_sentiment,performance_beat|positive,5,56,-0.0014902340281842158,-0.013514202390002505,0.375,-0.013365247365799688,0.05462775500334642,-0.20414330258440172,0.6660714285714285,1.0,watchlist,False,"sample_count=56, t_stat=-0.20"
event_type_sentiment,capacity_operation|positive,5,28,-0.0014312487757589532,0.0014587892049600093,0.5714285714285714,0.0011384843860193206,0.047197088321438756,-0.16046448878939684,0.8535714285714283,1.0,watchlist,False,"sample_count=28, t_stat=-0.16"
event_type_sentiment,general_news|positive,5,1,-0.07733333333333325,-0.07733333333333325,0.0,-0.033338834855592574,0.0,0.0,0.65,1.0,data_insufficient,False,"sample_count=1, minimum=20"
sentiment,neutral,5,16216,0.003896310553890125,-0.0009396288466055891,0.481253083374445,-0.00311583598264813,0.07537142246109052,6.582922179018493,0.9356623088307843,0.9996207449432659,candidate_for_walk_forward,False,requires walk-forward baseline comparison before model use
sentiment,positive,5,3513,-0.0010691318022731133,-0.006484402383456045,0.4506120125249075,0.0006408119074144198,0.08511982052616304,-0.744457010272035,0.7990748647879304,0.9996584116140051,watchlist,False,"sample_count=3513, t_stat=-0.74"
sentiment,negative,5,2339,0.011718486338605208,0.004172461752433909,0.5361265498076101,0.003915037768273982,0.08320151870168724,6.811697846932596,0.7587216759298846,0.999978623343309,candidate_for_walk_forward,False,requires walk-forward baseline comparison before model use
source_category,official_disclosure,5,16557,0.005525649305759797,0.0,0.49423204686839406,-0.002589043696126013,0.07551526742281647,9.415413068793374,0.9499999999999997,0.9999969801292505,candidate_for_walk_forward,False,requires walk-forward baseline comparison before model use
source_category,market_data,5,4432,0.004085825966194266,-0.0020092334314267823,0.4814981949458484,0.0028632221285919434,0.08667995230898412,3.138058794781373,0.75,1.0,candidate_for_walk_forward,False,requires walk-forward baseline comparison before model use
source_category,public_finance_media,5,1079,-0.02109388764702835,-0.02448579823702257,0.3002780352177943,-0.00828633431051294,0.0717777287936345,-9.653340798407548,0.6500000000000001,0.9931881371640409,candidate_for_walk_forward,False,requires walk-forward baseline comparison before model use
event_type,general_news,20,12422,0.01069395567154696,-0.0037652270210409844,0.4823699887296732,-0.0006947183334992648,0.14776704766310053,8.065968946049553,0.9459426823377876,0.9999315730156174,candidate_for_walk_forward,False,requires walk-forward baseline comparison before model use
event_type,commodity_shock,20,4415,0.029464505971506644,0.01350837138508365,0.5440543601359004,0.020621928302394135,0.15704618818487617,12.466286912254475,0.7628425821064553,0.9999433748584371,candidate_for_walk_forward,False,requires walk-forward baseline comparison before model use
event_type,shareholder_change,20,1908,0.017575339061367826,-0.00022634676324129188,0.4973794549266247,0.005809545244194473,0.1482290200382011,5.179163958925741,0.9488993710691822,0.9999737945492663,candidate_for_walk_forward,False,requires walk-forward baseline comparison before model use
event_type,buyback_dividend,20,405,0.013828688369038998,-0.005376344086021501,0.4765432098765432,0.0032183861172744885,0.13852666219299667,2.00897777142541,0.9485185185185184,1.0,candidate_for_walk_forward,False,requires walk-forward baseline comparison before model use
event_type,performance_miss,20,127,-0.061777290407584076,-0.07696827262044648,0.23622047244094488,-0.03808428535475836,0.1319476185494458,-5.276296105414765,0.6854330708661422,1.0,candidate_for_walk_forward,False,requires walk-forward baseline comparison before model use
event_type,industry_policy,20,109,-0.0034961839292155274,-0.021352313167259718,0.44036697247706424,-0.004517394404590129,0.14853926014373292,-0.24573457412684827,0.9444954128440367,1.0,watchlist,False,"sample_count=109, t_stat=-0.25"
event_type,fund_flow,20,100,-0.009552621572714927,-0.023556657076394094,0.41,-0.00838172880856294,0.1018714983423818,-0.9377128763345901,0.9020000000000001,0.998,watchlist,False,"sample_count=100, t_stat=-0.94"
event_type,ma_restructuring,20,70,0.08120013661087956,0.0034642032332563577,0.5571428571428572,0.08319518853840877,0.24614128587550832,2.760077741927038,0.945714285714286,1.0,candidate_for_walk_forward,False,requires walk-forward baseline comparison before model use
event_type,regulatory_inquiry,20,68,0.0179077267755769,0.004915463246509266,0.5441176470588235,0.022237000653210305,0.22132202563235795,0.6672218799682824,0.936764705882353,1.0,watchlist,False,"sample_count=68, t_stat=0.67"
event_type,public_opinion_risk,20,48,-0.008038886777223397,-0.006536518090675014,0.4375,-0.023717122520765715,0.19105358094370425,-0.2915152967176746,0.9500000000000001,1.0,watchlist,False,"sample_count=48, t_stat=-0.29"
event_type,order_contract,20,43,0.03240293866678962,-0.013567408902679379,0.4883720930232558,0.020296664277161706,0.15095254821878182,1.4075964985118679,0.9430232558139537,1.0,watchlist,False,"sample_count=43, t_stat=1.41"
event_type,performance_beat,20,43,-0.04977930182403246,-0.07413010590015134,0.27906976744186046,-0.029775109436902376,0.09957009594934522,-3.278340834981528,0.6709302325581394,1.0,watchlist,False,"sample_count=43, t_stat=-3.28"
event_type,capacity_operation,20,21,0.04665528915422872,0.02904564315352709,0.6190476190476191,0.02154518559790035,0.1621937659481375,1.318185029304207,0.9214285714285712,1.0,watchlist,False,"sample_count=21, t_stat=1.32"
event_type_reliability,general_news|high,20,12254,0.011593487363942313,-0.002968827313211353,0.485474130896034,-0.0005784057444076122,0.14779768713831173,8.68331174326526,0.9499999999999996,0.9999959196996899,candidate_for_walk_forward,False,requires walk-forward baseline comparison before model use
event_type_reliability,commodity_shock|medium,20,4125,0.027333848190822924,0.011535688536409516,0.5386666666666666,0.019125404372839185,0.15750153625633134,11.14622897105016,0.7496848484848484,0.9999393939393939,candidate_for_walk_forward,False,requires walk-forward baseline comparison before model use
event_type_reliability,shareholder_change|high,20,1901,0.018062338465214225,0.0,0.4992109416096791,0.005928153051081398,0.14823005809061596,5.312864696003052,0.9499999999999996,1.0,candidate_for_walk_forward,False,requires walk-forward baseline comparison before model use
event_type_reliability,buyback_dividend|high,20,403,0.014646645972646808,-0.00515995872033026,0.47890818858560796,0.003624419998578714,0.1382256752976865,2.1271689595356733,0.9499999999999997,1.0,candidate_for_walk_forward,False,requires walk-forward baseline comparison before model use
event_type_reliability,commodity_shock|high,20,290,0.05977127612778371,0.04285714285714293,0.6206896551724138,0.04190869109347746,0.14737201933614363,6.906793836100104,0.95,1.0,candidate_for_walk_forward,False,requires walk-forward baseline comparison before model use
event_type_reliability,general_news|medium,20,168,-0.05491831432019482,-0.07919862503778574,0.25595238095238093,-0.009178613968791606,0.130043381960617,-5.473732678078578,0.6500000000000001,0.9952380952380951,candidate_for_walk_forward,False,requires walk-forward baseline comparison before model use
event_type_reliability,performance_miss|medium,20,112,-0.0533809773216208,-0.07606053527359385,0.25,-0.026526602173887474,0.11728450977846601,-4.816758530222153,0.6500000000000001,1.0,candidate_for_walk_forward,False,requires walk-forward baseline comparison before model use
event_type_reliability,industry_policy|high,20,107,-0.0017593436746976866,-0.017121116043119833,0.4485981308411215,-0.004920984065086298,0.14935011345502883,-0.12185322166139911,0.95,1.0,watchlist,False,"sample_count=107, t_stat=-0.12"
event_type_reliability,fund_flow|high,20,84,0.0053207230386452704,-0.0052159468438537915,0.47619047619047616,-0.007379989033202016,0.10050982255032732,0.48517877074707844,0.9500000000000002,1.0,watchlist,False,"sample_count=84, t_stat=0.49"
event_type_reliability,ma_restructuring|high,20,69,0.07769858761185085,0.0034642032332563577,0.5507246376811594,0.08031134755257378,0.24618207833098524,2.6216893867631197,0.9500000000000002,1.0,candidate_for_walk_forward,False,requires walk-forward baseline comparison before model use
event_type_reliability,regulatory_inquiry|high,20,65,0.02812131003218872,0.006366723259762175,0.5692307692307692,0.028697129476003454,0.220666095610954,1.0274403463368509,0.9500000000000001,1.0,candidate_for_walk_forward,False,requires walk-forward baseline comparison before model use
event_type_reliability,public_opinion_risk|high,20,48,-0.008038886777223397,-0.006536518090675014,0.4375,-0.023717122520765715,0.19105358094370425,-0.2915152967176746,0.9500000000000001,1.0,watchlist,False,"sample_count=48, t_stat=-0.29"
event_type_reliability,order_contract|high,20,42,0.03470870246389071,-0.005974081504312112,0.5,0.021982050565530393,0.1520140023122602,1.4797196128328243,0.9500000000000002,1.0,watchlist,False,"sample_count=42, t_stat=1.48"
event_type_reliability,performance_beat|medium,20,40,-0.05138300767082643,-0.07123891064066123,0.275,-0.025136430121589892,0.09965950963584629,-3.2608496241540847,0.65,1.0,watchlist,False,"sample_count=40, t_stat=-3.26"
event_type_reliability,capacity_operation|high,20,19,0.0686846456573629,0.06373626373626373,0.6842105263157895,0.030108779119931706,0.15323194809961244,1.9538316461180718,0.9499999999999998,1.0,data_insufficient,False,"sample_count=19, minimum=20"
event_type_reliability,fund_flow|medium,20,16,-0.08763768078235595,-0.09440553073385705,0.0625,-0.013640862629207808,0.0696559105892025,-5.032605563034064,0.65,0.9875,data_insufficient,False,"sample_count=16, minimum=20"
event_type_reliability,performance_miss|high,20,15,-0.12446976144944312,-0.07888888888888901,0.13333333333333333,-0.12438165310526092,0.20701157905388776,-2.328706999885327,0.9499999999999996,1.0,data_insufficient,False,"sample_count=15, minimum=20"
event_type_reliability,shareholder_change|medium,20,7,-0.11467978475463163,-0.10741383047908093,0.0,-0.0264009463118114,0.07109548621211177,-4.267699780010538,0.65,0.9928571428571429,data_insufficient,False,"sample_count=7, minimum=20"
event_type_reliability,performance_beat|high,20,3,-0.028396557200112877,-0.08845928529584068,0.3333333333333333,-0.09162416697440214,0.11741663326608219,-0.4188868175020229,0.9499999999999998,1.0,data_insufficient,False,"sample_count=3, minimum=20"
event_type_reliability,regulatory_inquiry|medium,20,3,-0.20338657711767916,-0.2133381842283264,0.0,-0.11773245717397456,0.07684606910278412,-4.584175732842827,0.65,1.0,data_insufficient,False,"sample_count=3, minimum=20"
event_type_reliability,buyback_dividend|medium,20,2,-0.15098976875793502,-0.15098976875793502,0.0,-0.07859744096552672,0.13139834102039788,-1.6250721059248467,0.65,1.0,data_insufficient,False,"sample_count=2, minimum=20"
event_type_reliability,capacity_operation|medium,20,2,-0.16262359762554596,-0.16262359762554596,0.0,-0.059808952861397535,0.08173097578689256,-2.81392085570616,0.65,1.0,data_insufficient,False,"sample_count=2, minimum=20"
event_type_reliability,industry_policy|medium,20,2,-0.09641713754592002,-0.09641713754592002,0.0,0.017074652431954905,0.030540344667733168,-4.464730999146024,0.65,1.0,data_insufficient,False,"sample_count=2, minimum=20"
event_type_reliability,ma_restructuring|medium,20,1,0.32280701754385976,0.32280701754385976,1.0,0.28218021656102343,0.0,0.0,0.65,1.0,data_insufficient,False,"sample_count=1, minimum=20"
event_type_reliability,order_contract|medium,20,1,-0.06443914081145596,-0.06443914081145596,0.0,-0.050489559834323086,0.0,0.0,0.65,1.0,data_insufficient,False,"sample_count=1, minimum=20"
event_type_sentiment,general_news|neutral,20,12422,0.01069395567154696,-0.0037652270210409844,0.4823699887296732,-0.0006947183334992648,0.14776704766310053,8.065968946049553,0.9459426823377876,0.9999315730156174,candidate_for_walk_forward,False,requires walk-forward baseline comparison before model use
event_type_sentiment,commodity_shock|positive,20,2590,0.011397035732444823,-0.004423264907135849,0.48455598455598453,0.012530021016687758,0.15898334451835403,3.6482968059734033,0.7718918918918919,0.9999034749034749,candidate_for_walk_forward,False,requires walk-forward baseline comparison before model use
event_type_sentiment,shareholder_change|neutral,20,1908,0.017575339061367826,-0.00022634676324129188,0.4973794549266247,0.005809545244194473,0.1482290200382011,5.179163958925741,0.9488993710691822,0.9999737945492663,candidate_for_walk_forward,False,requires walk-forward baseline comparison before model use
event_type_sentiment,commodity_shock|negative,20,1825,0.05510546373543548,0.034996276991809294,0.6284931506849315,0.032105785765396605,0.15062113713269593,15.629323264510695,0.75,1.0,candidate_for_walk_forward,False,requires walk-forward baseline comparison before model use
event_type_sentiment,buyback_dividend|positive,20,405,0.013828688369038998,-0.005376344086021501,0.4765432098765432,0.0032183861172744885,0.13852666219299667,2.00897777142541,0.9485185185185184,1.0,candidate_for_walk_forward,False,requires walk-forward baseline comparison before model use
event_type_sentiment,performance_miss|negative,20,127,-0.061777290407584076,-0.07696827262044648,0.23622047244094488,-0.03808428535475836,0.1319476185494458,-5.276296105414765,0.6854330708661422,1.0,candidate_for_walk_forward,False,requires walk-forward baseline comparison before model use
event_type_sentiment,industry_policy|neutral,20,109,-0.0034961839292155274,-0.021352313167259718,0.44036697247706424,-0.004517394404590129,0.14853926014373292,-0.24573457412684827,0.9444954128440367,1.0,watchlist,False,"sample_count=109, t_stat=-0.25"
event_type_sentiment,fund_flow|neutral,20,100,-0.009552621572714927,-0.023556657076394094,0.41,-0.00838172880856294,0.1018714983423818,-0.9377128763345901,0.9020000000000001,0.998,watchlist,False,"sample_count=100, t_stat=-0.94"
event_type_sentiment,ma_restructuring|positive,20,70,0.08120013661087956,0.0034642032332563577,0.5571428571428572,0.08319518853840877,0.24614128587550832,2.760077741927038,0.945714285714286,1.0,candidate_for_walk_forward,False,requires walk-forward baseline comparison before model use
event_type_sentiment,regulatory_inquiry|negative,20,68,0.0179077267755769,0.004915463246509266,0.5441176470588235,0.022237000653210305,0.22132202563235795,0.6672218799682824,0.936764705882353,1.0,watchlist,False,"sample_count=68, t_stat=0.67"
event_type_sentiment,public_opinion_risk|negative,20,48,-0.008038886777223397,-0.006536518090675014,0.4375,-0.023717122520765715,0.19105358094370425,-0.2915152967176746,0.9500000000000001,1.0,watchlist,False,"sample_count=48, t_stat=-0.29"
event_type_sentiment,order_contract|positive,20,43,0.03240293866678962,-0.013567408902679379,0.4883720930232558,0.020296664277161706,0.15095254821878182,1.4075964985118679,0.9430232558139537,1.0,watchlist,False,"sample_count=43, t_stat=1.41"
event_type_sentiment,performance_beat|positive,20,43,-0.04977930182403246,-0.07413010590015134,0.27906976744186046,-0.029775109436902376,0.09957009594934522,-3.278340834981528,0.6709302325581394,1.0,watchlist,False,"sample_count=43, t_stat=-3.28"
event_type_sentiment,capacity_operation|positive,20,21,0.04665528915422872,0.02904564315352709,0.6190476190476191,0.02154518559790035,0.1621937659481375,1.318185029304207,0.9214285714285712,1.0,watchlist,False,"sample_count=21, t_stat=1.32"
sentiment,neutral,20,14539,0.011351380292694835,-0.0037652270210409844,0.4835270651351537,7.732666044697295e-05,0.14758835319181987,9.27393088653716,0.9460176078134671,0.999924341426508,candidate_for_walk_forward,False,requires walk-forward baseline comparison before model use
sentiment,positive,20,3172,0.012936799607733866,-0.004739602479522209,0.48329129886506933,0.012492036495615744,0.1586498355127833,4.592549162950259,0.8002206809583858,0.999921185372005,candidate_for_walk_forward,False,requires walk-forward baseline comparison before model use
sentiment,negative,20,2068,0.04523869162999955,0.02800531097647674,0.5971953578336557,0.02617507202379886,0.15613699771146297,13.175875392509779,0.7568181818181817,1.0,candidate_for_walk_forward,False,requires walk-forward baseline comparison before model use
source_category,official_disclosure,20,15300,0.013562863905610676,-0.002272727272727426,0.4896732026143791,0.0014557138827789053,0.14884320862621908,11.27114652758019,0.9499999999999997,0.9999967320261438,candidate_for_walk_forward,False,requires walk-forward baseline comparison before model use
source_category,market_data,20,4112,0.027664645096305125,0.0117647058823529,0.5398832684824902,0.019222585775409546,0.15757794401074932,11.257869922629439,0.75,1.0,candidate_for_walk_forward,False,requires walk-forward baseline comparison before model use
source_category,public_finance_media,20,367,-0.058969966402694786,-0.07993966817496234,0.23433242506811988,-0.017538567001235874,0.11983969099712714,-9.426776965345304,0.6500000000000001,0.9964577656675749,candidate_for_walk_forward,False,requires walk-forward baseline comparison before model use
