,000001,000333,000858,002594,300750,600036,600519,600900,601318,601888
2022-01-07,0.2,0.2,0.2,0.2,0.2,0.0,0.0,0.0,0.0,0.0
2022-01-14,0.0,0.2,0.0,0.2,0.2,0.2,0.0,0.0,0.2,0.0
2022-01-21,0.0,0.2,0.0,0.2,0.0,0.2,0.0,0.0,0.2,0.2
2022-01-28,0.2,0.2,0.0,0.2,0.0,0.2,0.0,0.0,0.0,0.2
2022-02-04,0.2,0.0,0.2,0.2,0.0,0.0,0.0,0.2,0.0,0.2
2022-02-11,0.2,0.0,0.2,0.2,0.0,0.2,0.0,0.2,0.0,0.0
2022-02-18,0.0,0.2,0.2,0.2,0.0,0.0,0.2,0.2,0.0,0.0
2022-02-25,0.0,0.0,0.2,0.2,0.0,0.2,0.2,0.2,0.0,0.0
2022-03-04,0.2,0.0,0.0,0.2,0.0,0.2,0.0,0.2,0.0,0.2
2022-03-11,0.2,0.2,0.0,0.2,0.0,0.2,0.0,0.2,0.0,0.0
2022-03-18,0.0,0.2,0.0,0.2,0.2,0.2,0.0,0.2,0.0,0.0
2022-03-25,0.2,0.2,0.0,0.0,0.2,0.2,0.0,0.2,0.0,0.0
2022-04-01,0.2,0.0,0.2,0.2,0.2,0.0,0.0,0.2,0.0,0.0
2022-04-08,0.2,0.0,0.2,0.2,0.2,0.0,0.0,0.2,0.0,0.0
2022-04-15,0.0,0.2,0.2,0.2,0.0,0.2,0.0,0.2,0.0,0.0
2022-04-22,0.0,0.0,0.2,0.2,0.0,0.2,0.2,0.2,0.0,0.0
2022-04-29,0.0,0.0,0.0,0.2,0.0,0.2,0.2,0.2,0.0,0.2
2022-05-06,0.0,0.0,0.0,0.2,0.0,0.2,0.2,0.2,0.0,0.2
2022-05-13,0.0,0.0,0.0,0.2,0.0,0.2,0.2,0.2,0.0,0.2
2022-05-20,0.2,0.0,0.0,0.2,0.0,0.2,0.0,0.2,0.0,0.2
2022-05-27,0.0,0.0,0.2,0.2,0.0,0.2,0.0,0.2,0.0,0.2
2022-06-03,0.0,0.2,0.2,0.0,0.0,0.2,0.0,0.2,0.0,0.2
2022-06-10,0.0,0.2,0.2,0.2,0.0,0.2,0.0,0.2,0.0,0.0
2022-06-17,0.0,0.0,0.2,0.2,0.0,0.0,0.2,0.2,0.0,0.2
2022-06-24,0.0,0.0,0.0,0.2,0.2,0.0,0.2,0.2,0.0,0.2
2022-07-01,0.0,0.2,0.0,0.2,0.0,0.0,0.2,0.2,0.2,0.0
2022-07-08,0.0,0.2,0.0,0.2,0.0,0.0,0.2,0.2,0.2,0.0
2022-07-15,0.0,0.2,0.2,0.2,0.0,0.2,0.0,0.2,0.0,0.0
2022-07-22,0.0,0.2,0.2,0.2,0.0,0.2,0.0,0.2,0.0,0.0
2022-07-29,0.0,0.0,0.2,0.2,0.0,0.2,0.2,0.2,0.0,0.0
2022-08-05,0.0,0.2,0.2,0.2,0.0,0.2,0.2,0.0,0.0,0.0
2022-08-12,0.0,0.2,0.2,0.2,0.2,0.0,0.2,0.0,0.0,0.0
2022-08-19,0.0,0.2,0.0,0.2,0.2,0.0,0.2,0.0,0.2,0.0
2022-08-26,0.0,0.2,0.0,0.2,0.0,0.0,0.2,0.2,0.2,0.0
2022-09-02,0.0,0.0,0.0,0.2,0.2,0.0,0.2,0.2,0.2,0.0
2022-09-09,0.0,0.0,0.2,0.2,0.2,0.0,0.2,0.0,0.2,0.0
2022-09-16,0.0,0.0,0.2,0.2,0.2,0.0,0.2,0.0,0.2,0.0
2022-09-23,0.0,0.0,0.0,0.2,0.2,0.0,0.2,0.0,0.2,0.2
2022-09-30,0.0,0.0,0.0,0.2,0.2,0.0,0.0,0.2,0.2,0.2
2022-10-07,0.0,0.0,0.0,0.2,0.2,0.0,0.0,0.2,0.2,0.2
2022-10-14,0.0,0.0,0.0,0.2,0.2,0.0,0.0,0.2,0.2,0.2
2022-10-21,0.2,0.0,0.0,0.2,0.2,0.0,0.2,0.2,0.0,0.0
2022-10-28,0.0,0.2,0.0,0.2,0.2,0.0,0.2,0.0,0.2,0.0
2022-11-04,0.0,0.2,0.0,0.0,0.2,0.0,0.2,0.2,0.2,0.0
2022-11-11,0.2,0.0,0.2,0.0,0.2,0.0,0.2,0.2,0.0,0.0
2022-11-18,0.0,0.2,0.2,0.0,0.2,0.0,0.2,0.0,0.0,0.2
2022-11-25,0.0,0.0,0.2,0.0,0.2,0.0,0.2,0.2,0.0,0.2
2022-12-02,0.0,0.0,0.2,0.0,0.2,0.0,0.2,0.2,0.0,0.2
2022-12-09,0.0,0.16666666666666669,0.033333333333333326,0.16666666666666669,0.2,0.0,0.2,0.033333333333333326,0.16666666666666669,0.033333333333333326
2022-12-16,0.0,0.2,0.2,0.0,0.2,0.0,0.2,0.0,0.2,0.0
2022-12-23,0.0,0.2,0.2,0.2,0.2,0.0,0.2,0.0,0.0,0.0
2022-12-30,0.2,0.0,0.2,0.2,0.2,0.0,0.2,0.0,0.0,0.0
2023-01-06,0.2,0.0,0.0,0.2,0.2,0.2,0.2,0.0,0.0,0.0
2023-01-13,0.0,0.0,0.0,0.2,0.2,0.2,0.2,0.2,0.0,0.0
2023-01-20,0.2,0.0,0.0,0.2,0.2,0.0,0.2,0.2,0.0,0.0
2023-01-27,0.2,0.0,0.0,0.2,0.2,0.2,0.2,0.0,0.0,0.0
2023-02-03,0.2,0.0,0.0,0.0,0.2,0.2,0.0,0.2,0.0,0.2
2023-02-10,0.2,0.0,0.2,0.0,0.2,0.2,0.0,0.0,0.0,0.2
2023-02-17,0.2,0.0,0.2,0.0,0.2,0.2,0.0,0.0,0.0,0.2
2023-02-24,0.2,0.0,0.2,0.0,0.2,0.2,0.0,0.0,0.0,0.2
2023-03-03,0.2,0.0,0.033333333333333326,0.0,0.2,0.033333333333333326,0.16666666666666669,0.16666666666666669,0.16666666666666669,0.033333333333333326
2023-03-10,0.2,0.2,0.2,0.0,0.2,0.0,0.0,0.0,0.2,0.0
2023-03-17,0.0,0.2,0.2,0.0,0.2,0.0,0.0,0.0,0.2,0.2
2023-03-24,0.2,0.0,0.2,0.0,0.2,0.0,0.0,0.2,0.0,0.2
2023-03-31,0.2,0.0,0.2,0.0,0.2,0.0,0.2,0.0,0.0,0.2
2023-04-07,0.033333333333333326,0.16666666666666669,0.2,0.0,0.2,0.16666666666666669,0.033333333333333326,0.16666666666666669,0.0,0.033333333333333326
2023-04-14,0.0,0.2,0.2,0.0,0.2,0.2,0.0,0.2,0.0,0.0
2023-04-21,0.2,0.2,0.2,0.0,0.2,0.0,0.0,0.2,0.0,0.0
2023-04-28,0.0,0.2,0.2,0.2,0.2,0.0,0.0,0.2,0.0,0.0
2023-05-05,0.0,0.2,0.2,0.0,0.2,0.2,0.0,0.2,0.0,0.0
2023-05-12,0.0,0.0,0.2,0.2,0.2,0.0,0.2,0.2,0.0,0.0
2023-05-19,0.0,0.0,0.2,0.0,0.2,0.2,0.2,0.2,0.0,0.0
2023-05-26,0.0,0.2,0.2,0.0,0.2,0.2,0.2,0.0,0.0,0.0
2023-06-02,0.0,0.2,0.0,0.0,0.2,0.2,0.2,0.0,0.0,0.2
2023-06-09,0.0,0.2,0.0,0.0,0.2,0.2,0.2,0.0,0.0,0.2
2023-06-16,0.2,0.2,0.0,0.0,0.2,0.2,0.0,0.0,0.0,0.2
2023-06-23,0.2,0.2,0.0,0.0,0.2,0.2,0.0,0.0,0.0,0.2
2023-06-30,0.0,0.2,0.0,0.2,0.2,0.2,0.0,0.0,0.0,0.2
2023-07-07,0.0,0.0,0.0,0.2,0.2,0.2,0.2,0.0,0.0,0.2
2023-07-14,0.0,0.0,0.2,0.2,0.0,0.2,0.2,0.0,0.0,0.2
2023-07-21,0.0,0.2,0.2,0.2,0.0,0.0,0.2,0.2,0.0,0.0
2023-07-28,0.0,0.2,0.2,0.2,0.0,0.0,0.0,0.2,0.0,0.2
2023-08-04,0.0,0.2,0.2,0.2,0.0,0.0,0.0,0.2,0.0,0.2
2023-08-11,0.0,0.2,0.2,0.2,0.2,0.0,0.0,0.2,0.0,0.0
2023-08-18,0.0,0.2,0.2,0.2,0.0,0.0,0.0,0.2,0.0,0.2
2023-08-25,0.0,0.2,0.2,0.0,0.0,0.0,0.2,0.2,0.0,0.2
2023-09-01,0.0,0.2,0.0,0.0,0.0,0.2,0.2,0.2,0.0,0.2
2023-09-08,0.0,0.2,0.0,0.2,0.0,0.0,0.2,0.2,0.0,0.2
2023-09-15,0.0,0.0,0.2,0.2,0.0,0.2,0.2,0.2,0.0,0.0
2023-09-22,0.0,0.0,0.2,0.2,0.0,0.0,0.2,0.2,0.2,0.0
2023-09-29,0.0,0.0,0.2,0.2,0.0,0.0,0.2,0.2,0.2,0.0
2023-10-06,0.0,0.0,0.0,0.2,0.2,0.0,0.2,0.2,0.2,0.0
2023-10-13,0.0,0.0,0.0,0.2,0.0,0.0,0.2,0.2,0.2,0.2
2023-10-20,0.0,0.2,0.0,0.0,0.0,0.0,0.2,0.2,0.2,0.2
2023-10-27,0.0,0.0,0.2,0.0,0.0,0.0,0.2,0.2,0.2,0.2
2023-11-03,0.0,0.2,0.0,0.0,0.0,0.0,0.2,0.2,0.2,0.2
2023-11-10,0.0,0.2,0.2,0.0,0.0,0.0,0.2,0.0,0.2,0.2
2023-11-17,0.0,0.0,0.2,0.0,0.0,0.0,0.2,0.2,0.2,0.2
2023-11-24,0.0,0.0,0.2,0.2,0.0,0.0,0.2,0.0,0.2,0.2
2023-12-01,0.0,0.0,0.2,0.2,0.0,0.0,0.2,0.2,0.2,0.0
2023-12-08,0.0,0.2,0.2,0.0,0.0,0.0,0.2,0.0,0.2,0.2
2023-12-15,0.0,0.2,0.2,0.0,0.0,0.0,0.2,0.0,0.2,0.2
2023-12-22,0.0,0.2,0.2,0.0,0.0,0.0,0.2,0.0,0.2,0.2
2023-12-29,0.0,0.2,0.2,0.0,0.0,0.0,0.2,0.0,0.2,0.2
2024-01-05,0.0,0.0,0.2,0.0,0.0,0.2,0.2,0.0,0.2,0.2
2024-01-12,0.0,0.0,0.2,0.2,0.0,0.0,0.2,0.0,0.2,0.2
2024-01-19,0.0,0.0,0.2,0.2,0.0,0.0,0.2,0.0,0.2,0.2
2024-01-26,0.2,0.2,0.0,0.0,0.0,0.0,0.2,0.0,0.2,0.2
2024-02-02,0.0,0.2,0.0,0.0,0.0,0.0,0.2,0.2,0.2,0.2
2024-02-09,0.0,0.0,0.0,0.0,0.0,0.2,0.2,0.2,0.2,0.2
2024-02-16,0.0,0.0,0.2,0.0,0.0,0.0,0.2,0.2,0.2,0.2
2024-02-23,0.0,0.0,0.2,0.0,0.2,0.0,0.2,0.2,0.2,0.0
2024-03-01,0.0,0.0,0.2,0.0,0.2,0.2,0.0,0.2,0.2,0.0
2024-03-08,0.2,0.0,0.2,0.0,0.0,0.2,0.0,0.2,0.2,0.0
2024-03-15,0.0,0.0,0.2,0.2,0.0,0.0,0.0,0.2,0.2,0.2
2024-03-22,0.0,0.0,0.2,0.0,0.0,0.2,0.0,0.2,0.2,0.2
2024-03-29,0.0,0.0,0.0,0.0,0.2,0.2,0.0,0.2,0.2,0.2
2024-04-05,0.0,0.0,0.2,0.0,0.2,0.2,0.0,0.2,0.2,0.0
2024-04-12,0.2,0.0,0.2,0.0,0.2,0.2,0.0,0.0,0.2,0.0
2024-04-19,0.2,0.0,0.2,0.0,0.2,0.2,0.0,0.0,0.2,0.0
2024-04-26,0.0,0.0,0.0,0.2,0.2,0.2,0.0,0.2,0.2,0.0
2024-05-03,0.2,0.0,0.0,0.2,0.0,0.2,0.0,0.2,0.2,0.0
2024-05-10,0.0,0.0,0.0,0.0,0.2,0.2,0.0,0.2,0.2,0.2
2024-05-17,0.0,0.0,0.2,0.2,0.2,0.2,0.0,0.0,0.2,0.0
2024-05-24,0.0,0.0,0.2,0.0,0.2,0.2,0.0,0.0,0.2,0.2
2024-05-31,0.0,0.0,0.2,0.0,0.2,0.2,0.2,0.0,0.0,0.2
2024-06-07,0.0,0.0,0.2,0.2,0.2,0.0,0.2,0.2,0.0,0.0
2024-06-14,0.0,0.0,0.2,0.2,0.2,0.0,0.0,0.2,0.0,0.2
2024-06-21,0.0,0.0,0.2,0.2,0.2,0.2,0.0,0.0,0.0,0.2
2024-06-28,0.0,0.0,0.2,0.2,0.2,0.2,0.0,0.0,0.2,0.0
2024-07-05,0.0,0.0,0.2,0.2,0.2,0.0,0.2,0.0,0.2,0.0
2024-07-12,0.0,0.0,0.2,0.2,0.2,0.2,0.2,0.0,0.0,0.0
2024-07-19,0.0,0.0,0.0,0.2,0.2,0.2,0.2,0.2,0.0,0.0
2024-07-26,0.0,0.0,0.0,0.2,0.2,0.2,0.2,0.2,0.0,0.0
2024-08-02,0.0,0.0,0.2,0.2,0.2,0.0,0.2,0.2,0.0,0.0
2024-08-09,0.0,0.0,0.2,0.2,0.2,0.0,0.2,0.2,0.0,0.0
2024-08-16,0.0,0.0,0.2,0.2,0.2,0.0,0.2,0.2,0.0,0.0
2024-08-23,0.0,0.2,0.2,0.2,0.2,0.0,0.2,0.0,0.0,0.0
2024-08-30,0.0,0.2,0.0,0.2,0.2,0.0,0.2,0.2,0.0,0.0
2024-09-06,0.0,0.2,0.0,0.2,0.2,0.0,0.2,0.2,0.0,0.0
2024-09-13,0.0,0.2,0.0,0.2,0.2,0.0,0.2,0.2,0.0,0.0
2024-09-20,0.0,0.2,0.0,0.2,0.2,0.0,0.2,0.0,0.0,0.2
2024-09-27,0.0,0.2,0.0,0.2,0.2,0.0,0.2,0.0,0.0,0.2
2024-10-04,0.0,0.0,0.0,0.2,0.2,0.0,0.2,0.0,0.2,0.2
2024-10-11,0.0,0.0,0.0,0.2,0.2,0.0,0.2,0.0,0.2,0.2
2024-10-18,0.0,0.0,0.0,0.2,0.2,0.0,0.2,0.0,0.2,0.2
2024-10-25,0.0,0.0,0.2,0.2,0.0,0.0,0.2,0.0,0.2,0.2
2024-11-01,0.0,0.2,0.2,0.2,0.0,0.0,0.2,0.0,0.2,0.0
2024-11-08,0.16666666666666669,0.033333333333333326,0.2,0.033333333333333326,0.16666666666666669,0.0,0.033333333333333326,0.0,0.2,0.16666666666666669
2024-11-15,0.2,0.0,0.2,0.0,0.0,0.0,0.2,0.0,0.2,0.2
2024-11-22,0.2,0.0,0.2,0.0,0.0,0.0,0.2,0.0,0.2,0.2
2024-11-29,0.0,0.2,0.2,0.2,0.0,0.0,0.2,0.0,0.0,0.2
2024-12-06,0.0,0.2,0.2,0.2,0.0,0.0,0.2,0.0,0.2,0.0
2024-12-13,0.0,0.2,0.2,0.2,0.0,0.0,0.2,0.0,0.2,0.0
2024-12-20,0.2,0.2,0.2,0.2,0.0,0.0,0.2,0.0,0.0,0.0
2024-12-27,0.2,0.0,0.2,0.2,0.0,0.2,0.0,0.0,0.2,0.0
2025-01-03,0.0,0.0,0.2,0.0,0.0,0.2,0.2,0.0,0.2,0.2
2025-01-10,0.0,0.0,0.2,0.2,0.0,0.2,0.0,0.0,0.2,0.2
2025-01-17,0.0,0.2,0.2,0.2,0.0,0.0,0.0,0.0,0.2,0.2
2025-01-24,0.0,0.2,0.2,0.2,0.0,0.0,0.2,0.0,0.2,0.0
2025-01-31,0.0,0.2,0.2,0.2,0.0,0.0,0.0,0.0,0.2,0.2
2025-02-07,0.0,0.0,0.2,0.2,0.0,0.0,0.0,0.2,0.2,0.2
2025-02-14,0.0,0.0,0.2,0.0,0.2,0.0,0.0,0.2,0.2,0.2
2025-02-21,0.0,0.0,0.2,0.0,0.0,0.0,0.2,0.2,0.2,0.2
2025-02-28,0.0,0.0,0.2,0.0,0.0,0.0,0.2,0.2,0.2,0.2
2025-03-07,0.0,0.0,0.2,0.2,0.0,0.0,0.2,0.0,0.2,0.2
2025-03-14,0.0,0.0,0.2,0.2,0.0,0.0,0.2,0.0,0.2,0.2
2025-03-21,0.2,0.0,0.2,0.0,0.0,0.2,0.2,0.0,0.2,0.0
2025-03-28,0.2,0.0,0.2,0.0,0.0,0.0,0.2,0.2,0.2,0.0
2025-04-04,0.0,0.2,0.2,0.0,0.0,0.0,0.2,0.2,0.2,0.0
2025-04-11,0.2,0.0,0.2,0.0,0.0,0.0,0.2,0.2,0.2,0.0
2025-04-18,0.2,0.0,0.2,0.2,0.0,0.0,0.2,0.0,0.2,0.0
2025-04-25,0.0,0.0,0.2,0.2,0.2,0.0,0.2,0.0,0.2,0.0
2025-05-02,0.0,0.0,0.2,0.2,0.2,0.2,0.2,0.0,0.0,0.0
2025-05-09,0.0,0.0,0.2,0.2,0.2,0.2,0.2,0.0,0.0,0.0
2025-05-16,0.0,0.0,0.2,0.2,0.2,0.2,0.2,0.0,0.0,0.0
2025-05-23,0.2,0.0,0.0,0.2,0.0,0.2,0.2,0.2,0.0,0.0
2025-05-30,0.2,0.0,0.2,0.2,0.0,0.2,0.0,0.2,0.0,0.0
2025-06-06,0.0,0.0,0.2,0.2,0.2,0.0,0.0,0.2,0.0,0.2
2025-06-13,0.0,0.0,0.2,0.2,0.2,0.0,0.0,0.2,0.0,0.2
2025-06-20,0.0,0.0,0.0,0.0,0.2,0.2,0.2,0.2,0.0,0.2
2025-06-27,0.0,0.0,0.0,0.2,0.0,0.2,0.2,0.2,0.0,0.2
2025-07-04,0.2,0.0,0.0,0.2,0.0,0.2,0.2,0.2,0.0,0.0
2025-07-11,0.2,0.0,0.0,0.2,0.0,0.2,0.0,0.2,0.0,0.2
2025-07-18,0.2,0.0,0.0,0.2,0.0,0.2,0.0,0.2,0.0,0.2
2025-07-25,0.2,0.2,0.0,0.2,0.0,0.2,0.0,0.0,0.0,0.2
2025-08-01,0.2,0.2,0.2,0.0,0.0,0.2,0.0,0.0,0.0,0.2
2025-08-08,0.0,0.0,0.2,0.2,0.0,0.2,0.0,0.0,0.2,0.2
2025-08-15,0.0,0.0,0.2,0.2,0.2,0.2,0.0,0.0,0.2,0.0
2025-08-22,0.0,0.0,0.2,0.2,0.2,0.0,0.2,0.0,0.2,0.0
2025-08-29,0.2,0.0,0.2,0.2,0.0,0.0,0.2,0.0,0.2,0.0
2025-09-05,0.0,0.0,0.2,0.2,0.0,0.2,0.2,0.0,0.2,0.0
2025-09-12,0.0,0.0,0.2,0.2,0.2,0.2,0.2,0.0,0.0,0.0
2025-09-19,0.0,0.0,0.2,0.2,0.0,0.2,0.2,0.0,0.2,0.0
2025-09-26,0.0,0.0,0.2,0.2,0.0,0.0,0.2,0.0,0.2,0.2
2025-10-03,0.0,0.0,0.2,0.2,0.0,0.0,0.2,0.2,0.2,0.0
2025-10-10,0.0,0.0,0.2,0.2,0.0,0.0,0.2,0.2,0.2,0.0
2025-10-17,0.0,0.2,0.2,0.2,0.0,0.0,0.0,0.0,0.2,0.2
2025-10-24,0.0,0.2,0.2,0.2,0.0,0.2,0.0,0.0,0.2,0.0
2025-10-31,0.0,0.2,0.2,0.2,0.2,0.0,0.0,0.0,0.0,0.2
2025-11-07,0.0,0.2,0.2,0.2,0.2,0.0,0.2,0.0,0.0,0.0
2025-11-14,0.0,0.0,0.2,0.2,0.2,0.2,0.2,0.0,0.0,0.0
2025-11-21,0.0,0.2,0.0,0.2,0.2,0.0,0.2,0.0,0.0,0.2
2025-11-28,0.0,0.2,0.0,0.2,0.2,0.0,0.2,0.0,0.0,0.2
2025-12-05,0.0,0.2,0.0,0.2,0.2,0.0,0.2,0.0,0.0,0.2
2025-12-12,0.0,0.2,0.0,0.2,0.2,0.0,0.2,0.0,0.0,0.2
2025-12-19,0.2,0.0,0.0,0.2,0.2,0.0,0.2,0.0,0.0,0.2
2025-12-26,0.2,0.0,0.2,0.2,0.2,0.0,0.2,0.0,0.0,0.0
2025-12-31,0.2,0.0,0.2,0.2,0.2,0.0,0.2,0.0,0.0,0.0
