factor,year,rank_ic_mean,ic_mean,positive_rank_ic_ratio,observations
amihud_illiquidity_20,2022,0.12653061224489795,0.13057253703277924,0.6040816326530613,245
amihud_illiquidity_20,2023,-0.04038461538461539,-0.006708341185609914,0.46153846153846156,260
amihud_illiquidity_20,2024,0.13931297709923665,0.15261344784687636,0.5801526717557252,262
amihud_illiquidity_20,2025,0.1015625,0.11687915702645736,0.56640625,256
amihud_illiquidity_60,2022,0.12272727272727273,0.09488156821443047,0.5909090909090909,220
amihud_illiquidity_60,2023,-0.1326923076923077,-0.09322974244296815,0.4153846153846154,260
amihud_illiquidity_60,2024,0.15648854961832062,0.14620398717195232,0.5877862595419847,262
amihud_illiquidity_60,2025,0.0859375,0.10456025362707183,0.55859375,256
amount_crowding_20,2022,-0.044534412955465584,-0.03526812490357776,0.4898785425101215,247
amount_crowding_20,2023,0.075,0.10497224456777948,0.5538461538461539,260
amount_crowding_20,2024,0.08015267175572519,0.07505062132875656,0.5229007633587787,262
amount_crowding_20,2025,-0.001953125,-0.036622212222193216,0.4921875,256
amount_crowding_60,2022,-0.03636363636363636,-0.03726362919179416,0.4954545454545455,220
amount_crowding_60,2023,0.07307692307692308,0.08538544608747897,0.5461538461538461,260
amount_crowding_60,2024,0.03816793893129771,0.043287538304317065,0.5114503816793893,262
amount_crowding_60,2025,-0.0078125,-0.0119389191314208,0.5,256
amount_cv_20,2022,-0.14516129032258066,-0.16490645009708355,0.3911290322580645,248
amount_cv_20,2023,0.075,0.07738875900324059,0.5615384615384615,260
amount_cv_20,2024,0.08778625954198473,0.10322377658111513,0.5648854961832062,262
amount_cv_20,2025,0.078125,0.06325933985841915,0.55078125,256
amount_cv_60,2022,-0.16968325791855204,-0.13300884391720305,0.37104072398190047,221
amount_cv_60,2023,0.032692307692307694,0.04280724137732529,0.5307692307692308,260
amount_cv_60,2024,0.1736641221374046,0.16576839487869635,0.6068702290076335,262
amount_cv_60,2025,-0.0859375,-0.10596951140259628,0.46875,256
amount_mean_10,2022,-0.16205533596837945,-0.12855171596132223,0.3794466403162055,253
amount_mean_10,2023,0.09615384615384616,0.10685123767443203,0.5615384615384615,260
amount_mean_10,2024,-0.15839694656488548,-0.1771724662794833,0.4122137404580153,262
amount_mean_10,2025,-0.056640625,-0.07897308728630341,0.453125,256
amount_mean_120,2022,-0.11878453038674033,-0.12164388630140929,0.4088397790055249,181
amount_mean_120,2023,0.09423076923076923,0.10876672330341336,0.5538461538461539,260
amount_mean_120,2024,-0.16221374045801526,-0.19749560063830607,0.4083969465648855,262
amount_mean_120,2025,-0.115234375,-0.12441529567034859,0.41796875,256
amount_mean_20,2022,-0.14919354838709678,-0.12526184854275255,0.3870967741935484,248
amount_mean_20,2023,0.125,0.11246120182271291,0.5807692307692308,260
amount_mean_20,2024,-0.16221374045801526,-0.17856247046001364,0.4083969465648855,262
amount_mean_20,2025,-0.072265625,-0.08817146058537595,0.453125,256
amount_mean_40,2022,-0.14893617021276595,-0.12917564709571086,0.3872340425531915,235
amount_mean_40,2023,0.09230769230769231,0.11748168242789943,0.55,260
amount_mean_40,2024,-0.16221374045801526,-0.18530357609419773,0.4083969465648855,262
amount_mean_40,2025,-0.08984375,-0.10114434169309616,0.4375,256
amount_mean_5,2022,-0.1614785992217899,-0.12180913331709473,0.3852140077821012,257
amount_mean_5,2023,0.09038461538461538,0.11161109884286248,0.5615384615384615,260
amount_mean_5,2024,-0.11068702290076336,-0.17834779166669182,0.44274809160305345,262
amount_mean_5,2025,-0.033203125,-0.0485554768976598,0.4765625,256
amount_mean_60,2022,-0.1244343891402715,-0.1177300934026104,0.4072398190045249,221
amount_mean_60,2023,0.08846153846153847,0.12006821609711185,0.55,260
amount_mean_60,2024,-0.16221374045801526,-0.19054453983646502,0.4083969465648855,262
amount_mean_60,2025,-0.091796875,-0.10093079332418273,0.43359375,256
amount_percentile_20,2022,0.0009356887401970854,-0.001770921863689757,0.4879032258064516,248
amount_percentile_20,2023,0.04113904777964089,0.05220529618191428,0.49615384615384617,260
amount_percentile_20,2024,0.022988505747126436,0.03564764668363683,0.4789272030651341,261
amount_percentile_20,2025,0.00428936020059889,-0.00434286937904281,0.48828125,256
amount_percentile_60,2022,-0.02533066158983401,-0.018488637756561118,0.48868778280542985,221
amount_percentile_60,2023,0.05281558002911106,0.06381857977039074,0.5153846153846153,260
amount_percentile_60,2024,0.021503719832883822,0.044543624293555496,0.5,262
amount_percentile_60,2025,-0.00624248520059889,-0.016889507554395992,0.48828125,256
amount_ratio_10_60,2022,0.027149321266968326,0.04542440399799956,0.5248868778280543,221
amount_ratio_10_60,2023,0.0019230769230769232,-0.0160232786847639,0.48846153846153845,260
amount_ratio_10_60,2024,0.11068702290076336,0.11069869611000584,0.5687022900763359,262
amount_ratio_10_60,2025,0.07421875,0.08399642716622514,0.5546875,256
amount_ratio_5_20,2022,0.0020325203252032522,0.008600920752726162,0.483739837398374,246
amount_ratio_5_20,2023,0.05,0.07612125050234278,0.5384615384615384,260
amount_ratio_5_20,2024,0.030534351145038167,0.05770788579809125,0.4961832061068702,262
amount_ratio_5_20,2025,0.099609375,0.12478099295796538,0.5703125,256
amount_shock_count_20,2022,-0.18842088756279432,-0.1868465356462114,0.2895927601809955,221
amount_shock_count_20,2023,-0.04859545801587128,-0.03375257326276803,0.3861788617886179,246
amount_shock_count_20,2024,0.11927514668076905,0.11194812752301819,0.4588744588744589,231
amount_shock_count_20,2025,0.04153286470981587,0.05921651797410673,0.43043478260869567,230
amount_shock_count_60,2022,-0.11430543250936737,-0.08109585935815292,0.3853211009174312,218
amount_shock_count_60,2023,0.2551182483553829,0.2840272567664172,0.627906976744186,258
amount_shock_count_60,2024,0.14067330710133974,0.14724224501076943,0.549618320610687,262
amount_shock_count_60,2025,0.14791416173353297,0.1585816453320411,0.578125,256
amount_zscore_20,2022,-0.004032258064516129,0.003986880880864274,0.5,248
amount_zscore_20,2023,0.03076923076923077,0.061829837720863895,0.5153846153846153,260
amount_zscore_20,2024,0.022900763358778626,0.049110356831877436,0.5190839694656488,262
amount_zscore_20,2025,0.01953125,-0.016206148720552576,0.515625,256
amount_zscore_60,2022,-0.011312217194570135,-0.0011866314723614675,0.502262443438914,221
amount_zscore_60,2023,0.051923076923076926,0.0704908873981647,0.5384615384615384,260
amount_zscore_60,2024,0.011450381679389313,0.04330121743132077,0.5114503816793893,262
amount_zscore_60,2025,-0.0078125,-0.012313434793885625,0.50390625,256
amplitude,2022,-0.003861003861003861,0.00740698861126344,0.5135135135135135,259
amplitude,2023,0.05384615384615385,0.0713225938237054,0.5307692307692308,260
amplitude,2024,0.0057251908396946565,0.008218369031245381,0.5076335877862596,262
amplitude,2025,-0.078125,-0.050140414479406314,0.43359375,256
amplitude_mean_10,2022,-0.03968253968253968,-0.02353057759188304,0.5,252
amplitude_mean_10,2023,0.1519230769230769,0.1665351745846045,0.5961538461538461,260
amplitude_mean_10,2024,-0.05725190839694656,-0.08843764105023236,0.45038167938931295,262
amplitude_mean_10,2025,0.009765625,-0.022477669990412903,0.51171875,256
amplitude_mean_20,2022,0.02834008097165992,0.052959213035129044,0.5182186234817814,247
amplitude_mean_20,2023,0.10192307692307692,0.11664740073380056,0.5884615384615385,260
amplitude_mean_20,2024,-0.07442748091603053,-0.10011232865866496,0.45038167938931295,262
amplitude_mean_20,2025,-0.060546875,-0.07546539471166377,0.46875,256
amplitude_mean_5,2022,0.046875,0.0658073007717968,0.53515625,256
amplitude_mean_5,2023,0.175,0.2031410394255827,0.6153846153846154,260
amplitude_mean_5,2024,-0.013358778625954198,-0.03556531604632234,0.4770992366412214,262
amplitude_mean_5,2025,0.009765625,-0.0004044821545434145,0.51953125,256
amplitude_mean_60,2022,0.004545454545454545,0.005332876456965327,0.5,220
amplitude_mean_60,2023,0.015384615384615385,-0.0013722319345299597,0.5115384615384615,260
amplitude_mean_60,2024,-0.17557251908396945,-0.20244393203176386,0.36259541984732824,262
amplitude_mean_60,2025,-0.064453125,-0.07704502032280122,0.4375,256
amplitude_zscore_20,2022,0.022267206477732792,0.03699774786267478,0.5344129554655871,247
amplitude_zscore_20,2023,0.051923076923076926,0.06285445817592,0.5384615384615384,260
amplitude_zscore_20,2024,-0.003816793893129771,0.002496296195953886,0.4961832061068702,262
amplitude_zscore_20,2025,-0.07421875,-0.028827727601099376,0.44140625,256
amplitude_zscore_60,2022,0.006818181818181818,0.022315962759587266,0.5227272727272727,220
amplitude_zscore_60,2023,0.07115384615384615,0.07636583632802865,0.5423076923076923,260
amplitude_zscore_60,2024,0.003816793893129771,0.008846697564909448,0.5076335877862596,262
amplitude_zscore_60,2025,-0.068359375,-0.04808743298346082,0.4453125,256
atr_contraction_20_60,2022,-0.00904977375565611,-0.011735521770336764,0.4796380090497738,221
atr_contraction_20_60,2023,0.15576923076923077,0.1772003434866648,0.6153846153846154,260
atr_contraction_20_60,2024,0.13358778625954199,0.12684567064921626,0.5916030534351145,262
atr_contraction_20_60,2025,0.041015625,0.027980663401957057,0.5234375,256
atr_pct_10,2022,-0.019762845849802372,-0.010477873953092279,0.5059288537549407,253
atr_pct_10,2023,0.1423076923076923,0.14361144248761482,0.5961538461538461,260
atr_pct_10,2024,-0.06679389312977099,-0.06501405426721388,0.44274809160305345,262
atr_pct_10,2025,-0.0390625,-0.08739405353796979,0.4609375,256
atr_pct_20,2022,-0.046370967741935484,-0.04196727501637718,0.47580645161290325,248
atr_pct_20,2023,0.08076923076923077,0.07350940285492416,0.5576923076923077,260
atr_pct_20,2024,-0.08778625954198473,-0.09069519411481539,0.4351145038167939,262
atr_pct_20,2025,-0.16796875,-0.16557451282603433,0.3828125,256
atr_pct_5,2022,0.042801556420233464,0.06989375236992952,0.5214007782101168,257
atr_pct_5,2023,0.18846153846153846,0.20567201892686676,0.6269230769230769,260
atr_pct_5,2024,-0.01717557251908397,-0.032385233346629676,0.48091603053435117,262
atr_pct_5,2025,-0.033203125,-0.030181711903773393,0.4765625,256
atr_pct_60,2022,-0.03619909502262444,-0.050966011018592494,0.4796380090497738,221
atr_pct_60,2023,-0.06153846153846154,-0.12886156593227882,0.4423076923076923,260
atr_pct_60,2024,-0.14694656488549618,-0.16354572436965342,0.4122137404580153,262
atr_pct_60,2025,-0.11328125,-0.13049038814686992,0.421875,256
body_size,2022,0.015384615384615385,0.003931198545041462,0.5269230769230769,260
body_size,2023,0.05576923076923077,0.04768536770657285,0.5384615384615384,260
body_size,2024,-0.015267175572519083,-0.0206026414305035,0.4847328244274809,262
body_size,2025,-0.052734375,-0.023033892106046564,0.46484375,256
bollinger_breakout_count_20,2022,0.0049261083743842365,0.013717641592648122,0.3694581280788177,203
bollinger_breakout_count_20,2023,-0.027707102278503322,-0.0186085529557869,0.42231075697211157,251
bollinger_breakout_count_20,2024,0.0779142444029657,0.08938181076936112,0.3920704845814978,227
bollinger_breakout_count_20,2025,0.10709905389053546,0.09753885225968507,0.4605263157894737,228
bollinger_breakout_count_60,2022,-0.09548230193783841,-0.06790109627538793,0.3741496598639456,147
bollinger_breakout_count_60,2023,0.22218441997088895,0.25581207548757534,0.6153846153846154,260
bollinger_breakout_count_60,2024,0.1605426634598896,0.16801361340573423,0.5725190839694656,262
bollinger_breakout_count_60,2025,0.055593948467065925,0.01178888554401572,0.48046875,256
bollinger_width_20,2022,-0.036290322580645164,-0.036985899491965235,0.49193548387096775,248
bollinger_width_20,2023,0.032692307692307694,0.05096203953080524,0.5269230769230769,260
bollinger_width_20,2024,-0.10687022900763359,-0.09789825149738919,0.42748091603053434,262
bollinger_width_20,2025,-0.025390625,-0.04375589692252394,0.46484375,256
bollinger_width_60,2022,-0.006787330316742082,-0.02247997804570726,0.4751131221719457,221
bollinger_width_60,2023,-0.13846153846153847,-0.15194770588154946,0.4,260
bollinger_width_60,2024,-0.11068702290076336,-0.10841443392697041,0.4198473282442748,262
bollinger_width_60,2025,-0.087890625,-0.08803350581859232,0.43359375,256
bollinger_zscore_20,2022,0.04435483870967742,0.03423905594315041,0.532258064516129,248
bollinger_zscore_20,2023,-0.0038461538461538464,0.022283636748828467,0.5269230769230769,260
bollinger_zscore_20,2024,-0.013358778625954198,-0.008661498549207745,0.48091603053435117,262
bollinger_zscore_20,2025,0.17578125,0.18247534220694325,0.59375,256
bollinger_zscore_60,2022,0.0746606334841629,0.05206850759117334,0.579185520361991,221
bollinger_zscore_60,2023,0.046153846153846156,0.09626663314797346,0.5538461538461539,260
bollinger_zscore_60,2024,0.0648854961832061,0.05501356641200048,0.5267175572519084,262
bollinger_zscore_60,2025,0.16796875,0.14634325861384395,0.61328125,256
breakdown_low_120,2022,-0.0055248618784530384,-0.018449263747747427,0.5082872928176796,181
breakdown_low_120,2023,0.14615384615384616,0.15968113785239937,0.6076923076923076,260
breakdown_low_120,2024,0.0916030534351145,0.07589107000353085,0.549618320610687,262
breakdown_low_120,2025,0.166015625,0.16123438933868353,0.625,256
breakdown_low_20,2022,0.05040322580645161,0.04971281270229175,0.5282258064516129,248
breakdown_low_20,2023,0.019230769230769232,0.025073967438830978,0.5192307692307693,260
breakdown_low_20,2024,0.05152671755725191,0.01858287810647098,0.5343511450381679,262
breakdown_low_20,2025,0.173828125,0.1828241854030748,0.61328125,256
breakdown_low_240,2022,0.0594059405940594,0.07275936789406641,0.5742574257425742,101
breakdown_low_240,2023,0.2230769230769231,0.23641652252556697,0.6538461538461539,260
breakdown_low_240,2024,0.022900763358778626,0.017708258957108577,0.5190839694656488,262
breakdown_low_240,2025,0.142578125,0.17224797520378127,0.60546875,256
breakdown_low_40,2022,0.14468085106382977,0.10223197887446252,0.6,235
breakdown_low_40,2023,-0.04807692307692308,-0.019026688964241326,0.4846153846153846,260
breakdown_low_40,2024,0.10305343511450382,0.05699452759392837,0.5534351145038168,262
breakdown_low_40,2025,0.119140625,0.12430733367320806,0.5859375,256
breakdown_low_60,2022,0.0746606334841629,0.06294153182106489,0.5565610859728507,221
breakdown_low_60,2023,0.07307692307692308,0.08242506564116579,0.5961538461538461,260
breakdown_low_60,2024,0.1049618320610687,0.08142422815961203,0.5610687022900763,262
breakdown_low_60,2025,0.10546875,0.11466866155703546,0.58203125,256
breakout_high_120,2022,-0.11878453038674033,-0.0832557679912511,0.430939226519337,181
breakout_high_120,2023,0.1,0.19299653893143784,0.5846153846153846,260
breakout_high_120,2024,0.061068702290076333,0.04677360515788453,0.5343511450381679,262
breakout_high_120,2025,0.125,0.15177605526821716,0.6015625,256
breakout_high_20,2022,0.0625,0.07746080718845935,0.5282258064516129,248
breakout_high_20,2023,-0.057692307692307696,-0.018815854232560925,0.46923076923076923,260
breakout_high_20,2024,0.08015267175572519,0.08427110047604192,0.5343511450381679,262
breakout_high_20,2025,0.142578125,0.18901972390272323,0.5859375,256
breakout_high_240,2022,0.0049504950495049506,0.023134361851277322,0.5445544554455446,101
breakout_high_240,2023,0.09230769230769231,0.2152118631570216,0.573076923076923,260
breakout_high_240,2024,0.08206106870229007,0.04125389573070976,0.5458015267175572,262
breakout_high_240,2025,0.134765625,0.16247626939773702,0.61328125,256
breakout_high_40,2022,0.1,0.09829502076772267,0.5787234042553191,235
breakout_high_40,2023,0.03076923076923077,0.09753591818671473,0.5384615384615384,260
breakout_high_40,2024,0.10305343511450382,0.11576747742679355,0.5534351145038168,262
breakout_high_40,2025,0.099609375,0.12230208510291453,0.578125,256
breakout_high_60,2022,-0.01809954751131222,0.017270605848401933,0.49321266968325794,221
breakout_high_60,2023,0.07307692307692308,0.13435320966125058,0.5692307692307692,260
breakout_high_60,2024,0.10687022900763359,0.11219614695876365,0.5572519083969466,262
breakout_high_60,2025,0.08203125,0.08795998180165,0.5625,256
cci_14,2022,0.02066115702479339,-0.008532774624614176,0.512396694214876,242
cci_14,2023,-0.009615384615384616,0.00897530625916194,0.5,260
cci_14,2024,-0.02480916030534351,-0.028209097479341704,0.4732824427480916,262
cci_14,2025,0.15234375,0.165241035494838,0.59375,256
cci_20,2022,-0.03177966101694915,-0.05029332059075421,0.4788135593220339,236
cci_20,2023,0.007692307692307693,0.02567938994223762,0.5230769230769231,260
cci_20,2024,0.007633587786259542,-0.002147139267417425,0.5038167938931297,262
cci_20,2025,0.125,0.16867120905980823,0.58984375,256
close_above_ma_ratio_20,2022,0.18432756750140566,0.19744469152494398,0.6,245
close_above_ma_ratio_20,2023,0.001168644528051417,0.021692236021313,0.48846153846153845,260
close_above_ma_ratio_20,2024,0.09402280380234948,0.08281155305831493,0.5229007633587787,262
close_above_ma_ratio_20,2025,0.056117286733532966,0.07416713615613953,0.4921875,256
close_above_ma_ratio_60,2022,-0.012687093109924745,0.010337248823304576,0.4841628959276018,221
close_above_ma_ratio_60,2023,0.22375736360092227,0.28625097786440007,0.6038461538461538,260
close_above_ma_ratio_60,2024,0.10915296263875311,0.14031630383620464,0.5458015267175572,262
close_above_ma_ratio_60,2025,0.1536333086676648,0.14176492127134926,0.60546875,256
close_position,2022,0.021153846153846155,0.04275080774566701,0.5115384615384615,260
close_position,2023,0.05576923076923077,0.04642278027214985,0.5423076923076923,260
close_position,2024,-0.01717557251908397,-0.029212863523229167,0.48091603053435117,262
close_position,2025,0.025390625,0.014623897445771434,0.51171875,256
close_to_high_120,2022,-0.11878453038674033,-0.0832557679912511,0.430939226519337,181
close_to_high_120,2023,0.1,0.19299653893143784,0.5846153846153846,260
close_to_high_120,2024,0.061068702290076333,0.04677360515788453,0.5343511450381679,262
close_to_high_120,2025,0.125,0.15177605526821716,0.6015625,256
close_to_high_20,2022,0.0625,0.07746080718845935,0.5282258064516129,248
close_to_high_20,2023,-0.057692307692307696,-0.018815854232560925,0.46923076923076923,260
close_to_high_20,2024,0.08015267175572519,0.08427110047604192,0.5343511450381679,262
close_to_high_20,2025,0.142578125,0.18901972390272323,0.5859375,256
close_to_high_60,2022,-0.01809954751131222,0.017270605848401933,0.49321266968325794,221
close_to_high_60,2023,0.07307692307692308,0.13435320966125058,0.5692307692307692,260
close_to_high_60,2024,0.10687022900763359,0.11219614695876365,0.5572519083969466,262
close_to_high_60,2025,0.08203125,0.08795998180165,0.5625,256
close_to_low_120,2022,-0.0055248618784530384,-0.018449263747747427,0.5082872928176796,181
close_to_low_120,2023,0.14615384615384616,0.15968113785239937,0.6076923076923076,260
close_to_low_120,2024,0.0916030534351145,0.07589107000353085,0.549618320610687,262
close_to_low_120,2025,0.166015625,0.16123438933868353,0.625,256
close_to_low_20,2022,0.05040322580645161,0.04971281270229175,0.5282258064516129,248
close_to_low_20,2023,0.019230769230769232,0.025073967438830978,0.5192307692307693,260
close_to_low_20,2024,0.05152671755725191,0.01858287810647098,0.5343511450381679,262
close_to_low_20,2025,0.173828125,0.1828241854030748,0.61328125,256
close_to_low_60,2022,0.0746606334841629,0.06294153182106489,0.5565610859728507,221
close_to_low_60,2023,0.07307692307692308,0.08242506564116579,0.5961538461538461,260
close_to_low_60,2024,0.1049618320610687,0.08142422815961203,0.5610687022900763,262
close_to_low_60,2025,0.10546875,0.11466866155703546,0.58203125,256
cs_amount_rank_20,2022,-0.14919354838709678,-0.1370126483715906,0.3870967741935484,248
cs_amount_rank_20,2023,0.125,0.1364556230446027,0.5807692307692308,260
cs_amount_rank_20,2024,-0.16221374045801526,-0.18075413519224415,0.4083969465648855,262
cs_amount_rank_20,2025,-0.072265625,-0.0954758970304431,0.453125,256
cs_amount_rank_60,2022,-0.1244343891402715,-0.11481869753520217,0.4072398190045249,221
cs_amount_rank_60,2023,0.08846153846153847,0.10000262183142855,0.55,260
cs_amount_rank_60,2024,-0.16221374045801526,-0.18075413519224415,0.4083969465648855,262
cs_amount_rank_60,2025,-0.091796875,-0.11186829830443133,0.43359375,256
cs_liquidity_risk_score,2022,-0.10109367017318825,-0.10113453857446023,0.40408163265306124,245
cs_liquidity_risk_score,2023,0.16530811926369468,0.18662754950276428,0.5679012345679012,243
cs_liquidity_risk_score,2024,-0.14871275630594685,-0.16509431283217244,0.3805668016194332,247
cs_liquidity_risk_score,2025,-0.1643589602254559,-0.20896744601122405,0.37446808510638296,235
cs_momentum_rank_120,2022,-0.039285714285714285,-0.019891454902308866,0.45,140
cs_momentum_rank_120,2023,0.18076923076923077,0.20772110276066896,0.6307692307692307,260
cs_momentum_rank_120,2024,0.11450381679389313,0.11591479563836986,0.5648854961832062,262
cs_momentum_rank_120,2025,0.1015625,0.11787654364245477,0.5625,256
cs_momentum_rank_20,2022,0.058333333333333334,0.05102192766126626,0.5125,240
cs_momentum_rank_20,2023,-0.032692307692307694,-0.016412163536359912,0.5,260
cs_momentum_rank_20,2024,0.08206106870229007,0.07859666413939143,0.5419847328244275,262
cs_momentum_rank_20,2025,0.138671875,0.13319209086150635,0.58984375,256
cs_momentum_rank_60,2022,-0.0325,-0.013919862746676588,0.475,200
cs_momentum_rank_60,2023,0.15,0.18556473504813414,0.6192307692307693,260
cs_momentum_rank_60,2024,0.12022900763358779,0.12070718309018265,0.5763358778625954,262
cs_momentum_rank_60,2025,0.138671875,0.14580475760876604,0.5859375,256
cs_reversal_rank_5,2022,-0.08823529411764706,-0.06951371218539307,0.43137254901960786,255
cs_reversal_rank_5,2023,-0.04423076923076923,-0.04049881043354262,0.47692307692307695,260
cs_reversal_rank_5,2024,0.07442748091603053,0.08768058685231159,0.5419847328244275,262
cs_reversal_rank_5,2025,-0.1015625,-0.10121852956491463,0.453125,256
cs_turnover_rank_20,2022,0.03225806451612903,0.02486954523079012,0.5241935483870968,248
cs_turnover_rank_20,2023,0.08269230769230769,0.07989954225568813,0.5461538461538461,260
cs_turnover_rank_20,2024,-0.07442748091603053,-0.055578373372750484,0.4541984732824427,262
cs_turnover_rank_20,2025,-0.193359375,-0.21094916295111757,0.375,256
cs_turnover_rank_60,2022,0.14479638009049775,0.09777409619167131,0.6018099547511312,221
cs_turnover_rank_60,2023,0.032692307692307694,0.0008486414324073972,0.5192307692307693,260
cs_turnover_rank_60,2024,-0.2099236641221374,-0.22413517693738128,0.3549618320610687,262
cs_turnover_rank_60,2025,-0.111328125,-0.11584684489753275,0.421875,256
cs_volatility_rank_20,2022,-0.02834008097165992,-0.027094422399914667,0.48582995951417,247
cs_volatility_rank_20,2023,0.14038461538461539,0.17040180107913228,0.5884615384615385,260
cs_volatility_rank_20,2024,0.026717557251908396,0.013912069363660294,0.5038167938931297,262
cs_volatility_rank_20,2025,-0.15234375,-0.15668268912004663,0.4140625,256
cs_volatility_rank_60,2022,-0.05909090909090909,-0.061589797611005664,0.4636363636363636,220
cs_volatility_rank_60,2023,0.07884615384615384,0.07715203876724865,0.5384615384615384,260
cs_volatility_rank_60,2024,-0.08969465648854962,-0.09311333604442598,0.4351145038167939,262
cs_volatility_rank_60,2025,-0.05859375,-0.08789612236524988,0.484375,256
down_day_ratio_20,2022,-0.08542070176017728,-0.07627371365674288,0.38235294117647056,238
down_day_ratio_20,2023,-0.0857596979371263,-0.108479721341049,0.38671875,256
down_day_ratio_20,2024,-0.040266467421298524,-0.053131278263395636,0.39215686274509803,255
down_day_ratio_20,2025,-0.07898495207279949,-0.08401239948201665,0.38976377952755903,254
down_day_ratio_60,2022,-0.13029062730343868,-0.13658527379216334,0.39819004524886875,221
down_day_ratio_60,2023,-0.13306952388982043,-0.18846221894893772,0.38846153846153847,260
down_day_ratio_60,2024,-0.07977833507117055,-0.07207926163549476,0.40076335877862596,262
down_day_ratio_60,2025,-0.13266716478008703,-0.14429977838631264,0.3843137254901961,255
down_streak,2022,-0.014207884702482746,0.0012597774976775213,0.3755868544600939,213
down_streak,2023,0.028653852624060762,0.01761497784933558,0.42727272727272725,220
down_streak,2024,0.06298366572977736,0.06903457348018445,0.4318181818181818,220
down_streak,2025,-0.008018753738744801,0.013582330120265936,0.38425925925925924,216
downside_tail_return_20,2022,0.08906882591093117,0.09231412367525726,0.5546558704453441,247
downside_tail_return_20,2023,-0.14423076923076922,-0.12564116975195275,0.38846153846153847,260
downside_tail_return_20,2024,0.04389312977099236,0.03957270301876962,0.5267175572519084,262
downside_tail_return_20,2025,0.177734375,0.2235086861234915,0.63671875,256
downside_tail_return_60,2022,0.02727272727272727,0.019063467586575008,0.5181818181818182,220
downside_tail_return_60,2023,0.10961538461538461,0.11647168445914165,0.5923076923076923,260
downside_tail_return_60,2024,0.1450381679389313,0.15552361811225324,0.5954198473282443,262
downside_tail_return_60,2025,0.0859375,0.10621023816119701,0.5625,256
downside_volatility_10,2022,-0.04940711462450593,-0.059494081805097715,0.48221343873517786,253
downside_volatility_10,2023,0.2230769230769231,0.19751143496282358,0.6423076923076924,260
downside_volatility_10,2024,-0.13549618320610687,-0.12960547982360307,0.4198473282442748,262
downside_volatility_10,2025,-0.13671875,-0.18409304434828752,0.40234375,256
downside_volatility_120,2022,0.09116022099447514,0.12167788487736077,0.56353591160221,181
downside_volatility_120,2023,-0.12307692307692308,-0.16226820801533007,0.41923076923076924,260
downside_volatility_120,2024,-0.11259541984732824,-0.13517363787140374,0.42748091603053434,262
downside_volatility_120,2025,-0.228515625,-0.25799960004284134,0.34765625,256
downside_volatility_20,2022,-0.06854838709677419,-0.0988504217032237,0.4596774193548387,248
downside_volatility_20,2023,0.11153846153846154,0.12889188606520205,0.5807692307692308,260
downside_volatility_20,2024,-0.08778625954198473,-0.05541348666982394,0.44656488549618323,262
downside_volatility_20,2025,-0.1875,-0.21656968787926648,0.3828125,256
downside_volatility_5,2022,0.00868502259754427,0.012531563681237543,0.5019455252918288,257
downside_volatility_5,2023,0.09859220998544448,0.12159250512797001,0.5615384615384615,260
downside_volatility_5,2024,-0.044404483191662444,-0.021688757212075076,0.4847328244274809,262
downside_volatility_5,2025,-0.134765625,-0.11218625671303162,0.3984375,256
downside_volatility_60,2022,-0.04524886877828054,-0.012339303839577117,0.45701357466063347,221
downside_volatility_60,2023,-0.057692307692307696,-0.068563950351357,0.43846153846153846,260
downside_volatility_60,2024,-0.14694656488549618,-0.1386024172045968,0.4122137404580153,262
downside_volatility_60,2025,-0.103515625,-0.1502067354733627,0.42578125,256
ema_alignment_score,2022,0.006203202604631346,0.011398425733431241,0.3938053097345133,226
ema_alignment_score,2023,0.060183480460069,0.082567193999149,0.4588235294117647,255
ema_alignment_score,2024,0.08885835256116374,0.0752986171410957,0.4805194805194805,231
ema_alignment_score,2025,0.10706676969055504,0.11491523768563418,0.49193548387096775,248
ema_bias_10,2022,0.08498023715415019,0.06923510935379036,0.5454545454545454,253
ema_bias_10,2023,0.038461538461538464,0.06915611949869126,0.5346153846153846,260
ema_bias_10,2024,-0.015267175572519083,-0.03014608277890563,0.49236641221374045,262
ema_bias_10,2025,0.1328125,0.16041009567248649,0.56640625,256
ema_bias_12,2022,0.08764940239043825,0.07101628510214876,0.549800796812749,251
ema_bias_12,2023,0.03653846153846154,0.07331682802283747,0.5307692307692308,260
ema_bias_12,2024,0.003816793893129771,-0.010860561187823286,0.49236641221374045,262
ema_bias_12,2025,0.146484375,0.17037052175761655,0.58203125,256
ema_bias_120,2022,-0.013812154696132596,-0.00624646067153525,0.5082872928176796,181
ema_bias_120,2023,0.12884615384615383,0.20113872007820627,0.5923076923076923,260
ema_bias_120,2024,0.10114503816793893,0.0710786756459154,0.5648854961832062,262
ema_bias_120,2025,0.185546875,0.19626382121564256,0.6484375,256
ema_bias_20,2022,0.0967741935483871,0.08555380348366286,0.5564516129032258,248
ema_bias_20,2023,0.03653846153846154,0.07092066779142493,0.5461538461538461,260
ema_bias_20,2024,0.05534351145038168,0.032417046465140834,0.5152671755725191,262
ema_bias_20,2025,0.173828125,0.18153833561853375,0.61328125,256
ema_bias_26,2022,0.09016393442622951,0.08353367186860348,0.5491803278688525,244
ema_bias_26,2023,0.04038461538461539,0.07448792585809584,0.5461538461538461,260
ema_bias_26,2024,0.05343511450381679,0.047993855772286084,0.5190839694656488,262
ema_bias_26,2025,0.166015625,0.17595123404963678,0.60546875,256
ema_bias_5,2022,0.05252918287937743,0.045802772582926345,0.5252918287937743,257
ema_bias_5,2023,0.06346153846153846,0.07059430084310363,0.5576923076923077,260
ema_bias_5,2024,-0.04389312977099236,-0.07555345885838369,0.4732824427480916,262
ema_bias_5,2025,0.109375,0.11243290827158331,0.5546875,256
ema_bias_60,2022,0.00904977375565611,0.003189719468654693,0.5067873303167421,221
ema_bias_60,2023,0.09807692307692308,0.1325310575245236,0.5807692307692308,260
ema_bias_60,2024,0.10114503816793893,0.08068626295173423,0.5572519083969466,262
ema_bias_60,2025,0.146484375,0.17322792228493805,0.609375,256
ema_slope_12,2022,0.014644351464435146,0.04242810016430219,0.502092050209205,239
ema_slope_12,2023,-0.0057692307692307696,0.004961530803908443,0.5153846153846153,260
ema_slope_12,2024,0.13358778625954199,0.10890339578940438,0.5725190839694656,262
ema_slope_12,2025,0.138671875,0.15071767251026985,0.6015625,256
ema_slope_26,2022,0.10321100917431193,0.12178790460429997,0.555045871559633,218
ema_slope_26,2023,0.08076923076923077,0.12668828972007817,0.5538461538461539,260
ema_slope_26,2024,0.1450381679389313,0.15224226183797537,0.5954198473282443,262
ema_slope_26,2025,0.064453125,0.07202817349131092,0.55078125,256
ema_slope_60,2022,0.021739130434782608,0.05704362014159269,0.5279503105590062,161
ema_slope_60,2023,0.20576923076923076,0.2705263576504747,0.6461538461538462,260
ema_slope_60,2024,0.12213740458015267,0.12156312710650193,0.5687022900763359,262
ema_slope_60,2025,0.125,0.15534217746161585,0.5859375,256
gap_return,2022,0.013513513513513514,-0.010497331139749936,0.5019305019305019,259
gap_return,2023,-0.04807692307692308,-0.05316244341324241,0.4653846153846154,260
gap_return,2024,0.009541984732824428,0.004941378830362948,0.5114503816793893,262
gap_return,2025,0.015625,0.02837358784055735,0.49609375,256
intraday_return,2022,0.021153846153846155,0.03858994936007355,0.49615384615384617,260
intraday_return,2023,0.051923076923076926,0.055379637319033885,0.5346153846153846,260
intraday_return,2024,-0.01717557251908397,-0.020883790793412474,0.4847328244274809,262
intraday_return,2025,0.02734375,0.01956175378294236,0.51953125,256
kdj_d_9,2022,0.05042016806722689,0.06571541201773362,0.5210084033613446,238
kdj_d_9,2023,-0.019230769230769232,-0.028609635842781436,0.48846153846153845,260
kdj_d_9,2024,0.14885496183206107,0.12266959600283642,0.5916030534351145,262
kdj_d_9,2025,0.111328125,0.14900492983957286,0.57421875,256
kdj_j_9,2022,-0.0063025210084033615,-0.011089889720106843,0.5084033613445378,238
kdj_j_9,2023,-0.026923076923076925,0.012390491670573505,0.5038461538461538,260
kdj_j_9,2024,-0.007633587786259542,-0.00640542232087654,0.48091603053435117,262
kdj_j_9,2025,0.18359375,0.2155711421688519,0.61328125,256
kdj_k_9,2022,0.026748971193415638,0.03991436000039108,0.5102880658436214,243
kdj_k_9,2023,-0.019230769230769232,-0.013613462298287544,0.5,260
kdj_k_9,2024,0.0916030534351145,0.0970418296131378,0.5572519083969466,262
kdj_k_9,2025,0.16015625,0.19058850767292207,0.59375,256
long_lower_shadow_count_20,2022,0.05908546059582199,0.01861572494223537,0.4488888888888889,225
long_lower_shadow_count_20,2023,0.059569219381653056,0.05175821478901543,0.468,250
long_lower_shadow_count_20,2024,-0.014497029253902834,-0.00021905773339768512,0.4188034188034188,234
long_lower_shadow_count_20,2025,0.06963270924904336,0.07409430709520559,0.4344262295081967,244
long_lower_shadow_count_60,2022,-0.0037830009479365655,-0.037052236178321374,0.42857142857142855,203
long_lower_shadow_count_60,2023,0.002539438607093792,0.0033803494579106898,0.45384615384615384,260
long_lower_shadow_count_60,2024,-0.00367977715701433,-0.002977642570341665,0.4389312977099237,262
long_lower_shadow_count_60,2025,0.06711027254265818,0.09205910163082913,0.468,250
long_upper_shadow_count_20,2022,0.05861213124813856,0.055388192915442516,0.4634146341463415,246
long_upper_shadow_count_20,2023,0.12634003936403168,0.13012979145729647,0.4525862068965517,232
long_upper_shadow_count_20,2024,0.05083284540110278,0.014392847879455793,0.48031496062992124,254
long_upper_shadow_count_20,2025,-0.01803646272745891,-0.017154827212318972,0.43568464730290457,241
long_upper_shadow_count_60,2022,0.07748955366439249,0.07758167999442722,0.5069767441860465,215
long_upper_shadow_count_60,2023,0.1509498368049657,0.14932739925210703,0.4939271255060729,247
long_upper_shadow_count_60,2024,0.06356795990400677,0.05596542335452257,0.49034749034749037,259
long_upper_shadow_count_60,2025,0.012828071847235046,0.005204887252835872,0.47244094488188976,254
low_volume_pullback_20,2022,-0.17030087983926462,-0.16718771193176296,0.32231404958677684,242
low_volume_pullback_20,2023,0.0030234220174453655,0.0040889690895504075,0.4409448818897638,254
low_volume_pullback_20,2024,-0.12215935331219986,-0.11562796560444617,0.3764705882352941,255
low_volume_pullback_20,2025,0.011004703766149516,0.02105840146252263,0.4448979591836735,245
low_volume_pullback_60,2022,-0.273391476311378,-0.2581015659401326,0.3055555555555556,216
low_volume_pullback_60,2023,-0.13931704563205943,-0.18100000573387373,0.36538461538461536,260
low_volume_pullback_60,2024,-0.10745222787228646,-0.10274424606583414,0.3861003861003861,259
low_volume_pullback_60,2025,-0.025633507134730744,-0.08533916728981938,0.453125,256
lower_shadow,2022,-0.06923076923076923,-0.021253911812611433,0.46923076923076923,260
lower_shadow,2023,0.0038461538461538464,-0.018404967926963743,0.49615384615384617,260
lower_shadow,2024,-0.011450381679389313,-0.009686885567484345,0.49236641221374045,262
lower_shadow,2025,0.078125,0.07862738125824457,0.55078125,256
ma_alignment_score,2022,0.05020696153680104,0.04454515471992027,0.42152466367713004,223
ma_alignment_score,2023,0.02390438247011952,0.05132007273709056,0.4262948207171315,251
ma_alignment_score,2024,0.15791525250299465,0.15575975609571283,0.5217391304347826,230
ma_alignment_score,2025,0.11203471649526826,0.11693892124119004,0.47580645161290325,248
ma_bias_10,2022,0.07707509881422925,0.04780526359222048,0.541501976284585,253
ma_bias_10,2023,0.05384615384615385,0.06704396757510313,0.5423076923076923,260
ma_bias_10,2024,-0.04580152671755725,-0.06480579687518535,0.45038167938931295,262
ma_bias_10,2025,0.126953125,0.13291765356673882,0.56640625,256
ma_bias_120,2022,-0.06906077348066299,-0.018260470028081698,0.4585635359116022,181
ma_bias_120,2023,0.14038461538461539,0.20316323452799545,0.6115384615384616,260
ma_bias_120,2024,0.13740458015267176,0.10978633793366846,0.5763358778625954,262
ma_bias_120,2025,0.181640625,0.18453948339789925,0.63671875,256
ma_bias_20,2022,0.08266129032258064,0.06481788814041467,0.5443548387096774,248
ma_bias_20,2023,0.019230769230769232,0.03944131392669404,0.5269230769230769,260
ma_bias_20,2024,0.03816793893129771,0.023158669612834203,0.5190839694656488,262
ma_bias_20,2025,0.197265625,0.187729119764599,0.62890625,256
ma_bias_240,2022,-0.034653465346534656,-0.008374966022269259,0.504950495049505,101
ma_bias_240,2023,0.13076923076923078,0.22869799590544396,0.5923076923076923,260
ma_bias_240,2024,0.10687022900763359,0.06868456289857014,0.5572519083969466,262
ma_bias_240,2025,0.130859375,0.17164724391480107,0.6015625,256
ma_bias_40,2022,0.07872340425531915,0.06939918089809571,0.5531914893617021,235
ma_bias_40,2023,0.019230769230769232,0.05758190377709307,0.5307692307692308,260
ma_bias_40,2024,0.09732824427480916,0.07370152320819251,0.5381679389312977,262
ma_bias_40,2025,0.15625,0.1647698503409009,0.6171875,256
ma_bias_5,2022,0.06614785992217899,0.053120946547156545,0.5291828793774319,257
ma_bias_5,2023,0.057692307692307696,0.06833064461479182,0.55,260
ma_bias_5,2024,-0.09351145038167939,-0.08745202915817057,0.4389312977099237,262
ma_bias_5,2025,0.056640625,0.06580830936170583,0.52734375,256
ma_bias_60,2022,0.05429864253393665,0.07190988301265326,0.5520361990950227,221
ma_bias_60,2023,0.08076923076923077,0.11778449935352236,0.5653846153846154,260
ma_bias_60,2024,0.12022900763358779,0.11068673733021843,0.5610687022900763,262
ma_bias_60,2025,0.130859375,0.1403955710019427,0.59375,256
ma_slope_10,2022,0.04938271604938271,0.05539892398105942,0.522633744855967,243
ma_slope_10,2023,0.0,0.008529232956381907,0.5153846153846153,260
ma_slope_10,2024,0.13931297709923665,0.13177037839209266,0.5763358778625954,262
ma_slope_10,2025,0.13671875,0.15810041067368624,0.5859375,256
ma_slope_20,2022,0.21271929824561403,0.24551805731493004,0.6359649122807017,228
ma_slope_20,2023,0.08846153846153847,0.09442654546044642,0.5615384615384615,260
ma_slope_20,2024,0.10877862595419847,0.11420520450633012,0.5687022900763359,262
ma_slope_20,2025,0.015625,0.056743380457532924,0.51953125,256
ma_slope_5,2022,0.07738095238095238,0.020664168649882794,0.5515873015873016,252
ma_slope_5,2023,-0.0057692307692307696,-0.020382260210311535,0.5,260
ma_slope_5,2024,0.01717557251908397,0.0021263258813424744,0.5114503816793893,262
ma_slope_5,2025,0.14453125,0.1412402325634279,0.609375,256
ma_slope_60,2022,0.006211180124223602,0.01008121063835056,0.515527950310559,161
ma_slope_60,2023,0.22115384615384615,0.27631015342664905,0.6576923076923077,260
ma_slope_60,2024,0.13358778625954199,0.10827982370585372,0.5687022900763359,262
ma_slope_60,2025,0.142578125,0.17149108632294924,0.58203125,256
macd_diff,2022,0.09016393442622951,0.09299177512139328,0.5532786885245902,244
macd_diff,2023,0.046153846153846156,0.07502803279700124,0.5384615384615384,260
macd_diff,2024,0.11641221374045801,0.09911584480772719,0.5572519083969466,262
macd_diff,2025,0.134765625,0.13398586756291594,0.6015625,256
macd_hist,2022,-0.0041841004184100415,-0.03097118086957027,0.5062761506276151,239
macd_hist,2023,-0.11538461538461539,-0.10474033690834093,0.4269230769230769,260
macd_hist,2024,-0.03435114503816794,-0.06202598938965224,0.4770992366412214,262
macd_hist,2025,0.146484375,0.14118195768374908,0.59375,256
macd_signal,2022,0.1506276150627615,0.15190664953259023,0.602510460251046,239
macd_signal,2023,0.06153846153846154,0.09339571834271057,0.5461538461538461,260
macd_signal,2024,0.12595419847328243,0.13570024895087468,0.583969465648855,262
macd_signal,2025,0.12890625,0.11088285732026709,0.60546875,256
max_drawdown_120,2022,-0.1270718232044199,-0.173260932609031,0.40331491712707185,181
max_drawdown_120,2023,0.22884615384615384,0.28955488915686706,0.6346153846153846,260
max_drawdown_120,2024,0.09923664122137404,0.09928972539902296,0.5572519083969466,262
max_drawdown_120,2025,0.138671875,0.17463639668150732,0.59375,256
max_drawdown_20,2022,0.09475806451612903,0.0956820545206499,0.5483870967741935,248
max_drawdown_20,2023,-0.019230769230769232,-0.02619078298872484,0.5,260
max_drawdown_20,2024,0.13931297709923665,0.12812190957438832,0.5801526717557252,262
max_drawdown_20,2025,0.130859375,0.16624218365767973,0.6015625,256
max_drawdown_60,2022,0.04524886877828054,0.03317258500673627,0.5294117647058824,221
max_drawdown_60,2023,0.2173076923076923,0.23476898293386989,0.6384615384615384,260
max_drawdown_60,2024,0.05343511450381679,0.12188122055320762,0.5190839694656488,262
max_drawdown_60,2025,0.107421875,0.0829931641286867,0.57421875,256
momentum_1,2022,0.02702702702702703,0.03622413352771768,0.5096525096525096,259
momentum_1,2023,0.03461538461538462,0.049074608164818505,0.5153846153846153,260
momentum_1,2024,-0.030534351145038167,-0.033256670419366696,0.46946564885496184,262
momentum_1,2025,0.033203125,0.026736409902125544,0.515625,256
momentum_10,2022,0.04,0.030643494052854443,0.512,250
momentum_10,2023,0.009615384615384616,0.02670423208286229,0.5307692307692308,260
momentum_10,2024,0.009541984732824428,0.014785706984630234,0.5,262
momentum_10,2025,0.1328125,0.15369686177091704,0.5859375,256
momentum_120,2022,-0.039285714285714285,-0.015381886366367494,0.45,140
momentum_120,2023,0.18076923076923077,0.24219974532451863,0.6307692307692307,260
momentum_120,2024,0.11450381679389313,0.07677195168672661,0.5648854961832062,262
momentum_120,2025,0.1015625,0.15699835815475444,0.5625,256
momentum_2,2022,0.06201550387596899,0.034943532102543175,0.5387596899224806,258
momentum_2,2023,0.06153846153846154,0.06485202342207158,0.55,260
momentum_2,2024,-0.05916030534351145,-0.06420607214828492,0.44656488549618323,262
momentum_2,2025,0.037109375,0.024514110754807247,0.51953125,256
momentum_20,2022,0.058333333333333334,0.04835021980184691,0.5125,240
momentum_20,2023,-0.032692307692307694,-0.008902248635659011,0.5,260
momentum_20,2024,0.08206106870229007,0.06996773758497045,0.5419847328244275,262
momentum_20,2025,0.138671875,0.16616741601917223,0.58984375,256
momentum_240,2022,0.125,0.2504811726248848,0.6,20
momentum_240,2023,0.16153846153846155,0.21180642535529795,0.6076923076923076,260
momentum_240,2024,0.0019083969465648854,-0.017897198566451954,0.5038167938931297,262
momentum_240,2025,0.208984375,0.15744353652978735,0.6484375,256
momentum_3,2022,0.06809338521400778,0.03471189891681944,0.5214007782101168,257
momentum_3,2023,0.03653846153846154,0.04476593118567247,0.5269230769230769,260
momentum_3,2024,-0.07442748091603053,-0.08932501618563693,0.45038167938931295,262
momentum_3,2025,0.048828125,0.05770046607392529,0.5078125,256
momentum_40,2022,0.15681818181818183,0.14911934968323692,0.6181818181818182,220
momentum_40,2023,0.07692307692307693,0.12378687588277619,0.5346153846153846,260
momentum_40,2024,0.10687022900763359,0.10269964110949208,0.5648854961832062,262
momentum_40,2025,0.103515625,0.09746521630312974,0.57421875,256
momentum_5,2022,0.08823529411764706,0.04837519771869382,0.5686274509803921,255
momentum_5,2023,0.04423076923076923,0.0436295389740089,0.5230769230769231,260
momentum_5,2024,-0.07442748091603053,-0.0941008473055478,0.4580152671755725,262
momentum_5,2025,0.1015625,0.11472019863304778,0.546875,256
momentum_60,2022,-0.0325,0.003976535781212027,0.475,200
momentum_60,2023,0.15,0.17999582950578016,0.6192307692307693,260
momentum_60,2024,0.12022900763358779,0.11439486507939567,0.5763358778625954,262
momentum_60,2025,0.138671875,0.12278253000113154,0.5859375,256
money_flow_index_14,2022,0.025896414342629483,0.03111046743327513,0.5139442231075697,251
money_flow_index_14,2023,-0.0019230769230769232,0.03164420411593001,0.5115384615384615,260
money_flow_index_14,2024,0.007633587786259542,0.013336379057488752,0.5152671755725191,262
money_flow_index_14,2025,0.12109375,0.12812302388775482,0.5625,256
money_flow_index_20,2022,0.11088709677419355,0.0896417400320115,0.5725806451612904,248
money_flow_index_20,2023,0.08076923076923077,0.08916903464957861,0.5923076923076923,260
money_flow_index_20,2024,0.06870229007633588,0.05377482347792517,0.5343511450381679,262
money_flow_index_20,2025,0.09765625,0.13651311136021826,0.5546875,256
new_high_distance_60,2022,-0.01809954751131222,0.017270605848401933,0.49321266968325794,221
new_high_distance_60,2023,0.07307692307692308,0.13435320966125058,0.5692307692307692,260
new_high_distance_60,2024,0.10687022900763359,0.11219614695876365,0.5572519083969466,262
new_high_distance_60,2025,0.08203125,0.08795998180165,0.5625,256
new_low_distance_60,2022,0.0746606334841629,0.06294153182106489,0.5565610859728507,221
new_low_distance_60,2023,0.07307692307692308,0.08242506564116579,0.5961538461538461,260
new_low_distance_60,2024,0.1049618320610687,0.08142422815961203,0.5610687022900763,262
new_low_distance_60,2025,0.10546875,0.11466866155703546,0.58203125,256
obv_slope_20,2022,0.056485355648535567,0.04683092797919064,0.5397489539748954,239
obv_slope_20,2023,-0.032692307692307694,-0.053763339206612366,0.4653846153846154,260
obv_slope_20,2024,0.02862595419847328,0.008676328919501356,0.5076335877862596,262
obv_slope_20,2025,0.126953125,0.1398073830927155,0.6015625,256
obv_slope_60,2022,0.07035175879396985,0.07990356385938652,0.542713567839196,199
obv_slope_60,2023,-0.10961538461538461,-0.13783252420012648,0.4307692307692308,260
obv_slope_60,2024,-0.16221374045801526,-0.18507623705888235,0.3969465648854962,262
obv_slope_60,2025,0.150390625,0.1401978949539037,0.609375,256
overnight_return,2022,0.013513513513513514,-0.010497331139749936,0.5019305019305019,259
overnight_return,2023,-0.04807692307692308,-0.05316244341324241,0.4653846153846154,260
overnight_return,2024,0.009541984732824428,0.004941378830362948,0.5114503816793893,262
overnight_return,2025,0.015625,0.02837358784055735,0.49609375,256
positive_body_ratio_20,2022,0.03837519913733341,0.01694183100899412,0.4448979591836735,245
positive_body_ratio_20,2023,0.1267753229371263,0.1466973874234673,0.5546875,256
positive_body_ratio_20,2024,0.04238250912612165,0.058913091229434125,0.4591439688715953,257
positive_body_ratio_20,2025,-0.0020719663056252935,0.016657184139031184,0.4566929133858268,254
positive_body_ratio_60,2022,0.11671596666995451,0.13232568356488966,0.5429864253393665,221
positive_body_ratio_60,2023,0.19100097706863225,0.21520835508929687,0.5961538461538461,260
positive_body_ratio_60,2024,0.111061359585318,0.12526324642912512,0.5229007633587787,262
positive_body_ratio_60,2025,0.02734375,0.04794091044135889,0.48828125,256
price_efficiency_120,2022,0.20714285714285716,0.1947517171338588,0.6214285714285714,140
price_efficiency_120,2023,0.06923076923076923,0.054778513743268406,0.5461538461538461,260
price_efficiency_120,2024,0.04961832061068702,0.0604725275662195,0.5419847328244275,262
price_efficiency_120,2025,-0.0546875,-0.047535324697033164,0.4375,256
price_efficiency_20,2022,0.07083333333333333,0.0657329664137471,0.5458333333333333,240
price_efficiency_20,2023,-0.01730769230769231,-0.009488269561939008,0.49230769230769234,260
price_efficiency_20,2024,-0.04770992366412214,-0.053633145815514295,0.4847328244274809,262
price_efficiency_20,2025,0.03125,0.04172749769474664,0.5234375,256
price_efficiency_60,2022,0.015,-0.006263414905178833,0.53,200
price_efficiency_60,2023,-0.09230769230769231,-0.1317626895432501,0.4461538461538462,260
price_efficiency_60,2024,-0.04389312977099236,-0.0374016178522164,0.4541984732824427,262
price_efficiency_60,2025,-0.0625,-0.07710056452822571,0.4375,256
price_position_120,2022,-0.04143646408839779,-0.04175859817697368,0.47513812154696133,181
price_position_120,2023,0.11538461538461539,0.2057212400286468,0.5923076923076923,260
price_position_120,2024,0.07824427480916031,0.015022978857086533,0.5419847328244275,262
price_position_120,2025,0.154296875,0.15005337891814582,0.625,256
price_position_20,2022,0.028225806451612902,0.03839907670480496,0.532258064516129,248
price_position_20,2023,-0.019230769230769232,0.011691948833500792,0.5076923076923077,260
price_position_20,2024,0.05343511450381679,0.0354175954174002,0.5190839694656488,262
price_position_20,2025,0.16015625,0.19522588746673553,0.59765625,256
price_position_240,2022,0.04950495049504951,0.057294309234723936,0.5742574257425742,101
price_position_240,2023,0.13076923076923078,0.24322078273408593,0.6038461538461538,260
price_position_240,2024,0.07251908396946564,0.023252118981419434,0.5305343511450382,262
price_position_240,2025,0.138671875,0.15727306504084146,0.61328125,256
price_position_40,2022,0.06170212765957447,0.05436481080953641,0.5659574468085107,235
price_position_40,2023,-0.009615384615384616,0.047813299393965975,0.5269230769230769,260
price_position_40,2024,0.07633587786259542,0.06738269052534153,0.5267175572519084,262
price_position_40,2025,0.095703125,0.13256572337545297,0.5703125,256
price_position_60,2022,0.02262443438914027,0.037335189070895725,0.5429864253393665,221
price_position_60,2023,0.05961538461538462,0.12000221124116872,0.5653846153846154,260
price_position_60,2024,0.11259541984732824,0.09676349726938314,0.5648854961832062,262
price_position_60,2025,0.1171875,0.103041726226179,0.5859375,256
price_volume_trend_20,2022,0.03556485355648536,0.02982804995150887,0.5230125523012552,239
price_volume_trend_20,2023,-0.1673076923076923,-0.1438334230101962,0.38461538461538464,260
price_volume_trend_20,2024,-0.02480916030534351,-0.07941761949999976,0.48091603053435117,262
price_volume_trend_20,2025,0.099609375,0.10738402894088755,0.58203125,256
price_volume_trend_60,2022,0.06532663316582915,0.11628882210714316,0.5628140703517588,199
price_volume_trend_60,2023,-0.03076923076923077,0.009934681745520757,0.47307692307692306,260
price_volume_trend_60,2024,-0.16984732824427481,-0.18670604012606054,0.38549618320610685,262
price_volume_trend_60,2025,0.150390625,0.14432196322333102,0.578125,256
range_compression_20,2022,-0.05227272727272727,-0.042746308814135874,0.4590909090909091,220
range_compression_20,2023,0.09230769230769231,0.11579453162019084,0.5653846153846154,260
range_compression_20,2024,-0.04198473282442748,-0.03558360813129833,0.4770992366412214,262
range_compression_20,2025,-0.029296875,-0.01971052218946938,0.4765625,256
return_abs_mean_20,2022,0.020242914979757085,0.018557607956375195,0.5020242914979757,247
return_abs_mean_20,2023,0.19038461538461537,0.17894387940171425,0.6153846153846154,260
return_abs_mean_20,2024,-0.015267175572519083,-0.013477978386493476,0.4770992366412214,262
return_abs_mean_20,2025,-0.11328125,-0.09142294955145017,0.41796875,256
return_abs_mean_60,2022,0.011363636363636364,0.006890774114233386,0.4954545454545455,220
return_abs_mean_60,2023,0.11153846153846154,0.1053513755649373,0.5846153846153846,260
return_abs_mean_60,2024,-0.16221374045801526,-0.19425951814115938,0.37404580152671757,262
return_abs_mean_60,2025,-0.021484375,-0.06185403829988372,0.50390625,256
return_amount_corr_20,2022,-0.05668016194331984,-0.05141812944013673,0.4493927125506073,247
return_amount_corr_20,2023,0.013461538461538462,-0.018919194082098603,0.5192307692307693,260
return_amount_corr_20,2024,-0.09923664122137404,-0.09026926197241887,0.4312977099236641,262
return_amount_corr_20,2025,-0.009765625,0.010345301917173642,0.49609375,256
return_amount_corr_60,2022,-0.02727272727272727,0.029461192699260362,0.4863636363636364,220
return_amount_corr_60,2023,0.057692307692307696,0.06923264209538524,0.5346153846153846,260
return_amount_corr_60,2024,-0.08587786259541985,-0.055699339742308826,0.42366412213740456,262
return_amount_corr_60,2025,-0.005859375,0.004240831689062689,0.48828125,256
return_autocorr_20,2022,-0.030364372469635626,0.007049544394458045,0.4777327935222672,247
return_autocorr_20,2023,0.10576923076923077,0.1312368339151579,0.5769230769230769,260
return_autocorr_20,2024,0.1297709923664122,0.14839711417893695,0.5877862595419847,262
return_autocorr_20,2025,0.150390625,0.1090537597203386,0.61328125,256
return_autocorr_60,2022,0.06363636363636363,0.05323588566794665,0.5136363636363637,220
return_autocorr_60,2023,0.19038461538461537,0.17673918962255236,0.6307692307692307,260
return_autocorr_60,2024,0.06870229007633588,0.07006624777145568,0.5687022900763359,262
return_autocorr_60,2025,0.154296875,0.15286927515540172,0.6171875,256
return_kurt_20,2022,-0.14489795918367346,-0.11928586309733923,0.4122448979591837,245
return_kurt_20,2023,-0.11923076923076924,-0.0687489916027337,0.41923076923076924,260
return_kurt_20,2024,0.13358778625954199,0.15624084038967853,0.5877862595419847,262
return_kurt_20,2025,0.046875,0.024660587368629774,0.52734375,256
return_kurt_60,2022,-0.17727272727272728,-0.1660670928368058,0.38181818181818183,220
return_kurt_60,2023,0.0057692307692307696,0.042433794316928404,0.5192307692307693,260
return_kurt_60,2024,0.14122137404580154,0.13917399085249804,0.5877862595419847,262
return_kurt_60,2025,-0.060546875,-0.11353575508294567,0.46875,256
return_skew_20,2022,0.024489795918367346,0.03674470096241,0.5020408163265306,245
return_skew_20,2023,-0.14038461538461539,-0.1211212335938782,0.4230769230769231,260
return_skew_20,2024,0.02480916030534351,0.04678197248068979,0.49236641221374045,262
return_skew_20,2025,0.203125,0.18884313542490647,0.6328125,256
return_skew_60,2022,-0.12045454545454545,-0.1121412507973026,0.42272727272727273,220
return_skew_60,2023,-0.007692307692307693,-0.03830661141682362,0.48846153846153845,260
return_skew_60,2024,0.10305343511450382,0.09841231430244775,0.5801526717557252,262
return_skew_60,2025,0.095703125,0.1384945630465938,0.54296875,256
reversal_1,2022,-0.02702702702702703,-0.03622413352771768,0.49034749034749037,259
reversal_1,2023,-0.03461538461538462,-0.049074608164818505,0.4846153846153846,260
reversal_1,2024,0.030534351145038167,0.033256670419366696,0.5305343511450382,262
reversal_1,2025,-0.033203125,-0.026736409902125544,0.484375,256
reversal_10,2022,-0.04,-0.030643494052854443,0.488,250
reversal_10,2023,-0.009615384615384616,-0.02670423208286229,0.46923076923076923,260
reversal_10,2024,-0.009541984732824428,-0.014785706984630234,0.5,262
reversal_10,2025,-0.1328125,-0.15369686177091704,0.4140625,256
reversal_2,2022,-0.06201550387596899,-0.034943532102543175,0.46124031007751937,258
reversal_2,2023,-0.06153846153846154,-0.06485202342207158,0.45,260
reversal_2,2024,0.05916030534351145,0.06420607214828492,0.5534351145038168,262
reversal_2,2025,-0.037109375,-0.024514110754807247,0.48046875,256
reversal_20,2022,-0.058333333333333334,-0.04835021980184691,0.4875,240
reversal_20,2023,0.032692307692307694,0.008902248635659011,0.5,260
reversal_20,2024,-0.08206106870229007,-0.06996773758497045,0.4580152671755725,262
reversal_20,2025,-0.138671875,-0.16616741601917223,0.41015625,256
reversal_3,2022,-0.06809338521400778,-0.03471189891681944,0.4785992217898833,257
reversal_3,2023,-0.03653846153846154,-0.04476593118567247,0.47307692307692306,260
reversal_3,2024,0.07442748091603053,0.08932501618563693,0.549618320610687,262
reversal_3,2025,-0.048828125,-0.05770046607392529,0.4921875,256
reversal_5,2022,-0.08823529411764706,-0.04837519771869382,0.43137254901960786,255
reversal_5,2023,-0.04423076923076923,-0.0436295389740089,0.47692307692307695,260
reversal_5,2024,0.07442748091603053,0.0941008473055478,0.5419847328244275,262
reversal_5,2025,-0.1015625,-0.11472019863304778,0.453125,256
rsi_14,2022,0.05,0.06518674879901654,0.544,250
rsi_14,2023,-0.025,0.0020881760270289543,0.5,260
rsi_14,2024,0.08015267175572519,0.09500103995266042,0.5610687022900763,262
rsi_14,2025,0.18359375,0.17776706289430513,0.61328125,256
rsi_24,2022,0.16188524590163936,0.14270694306271203,0.6147540983606558,244
rsi_24,2023,-0.013461538461538462,0.01682328221074451,0.5153846153846153,260
rsi_24,2024,0.08015267175572519,0.09553969291207762,0.5458015267175572,262
rsi_24,2025,0.16015625,0.17684785756673407,0.609375,256
rsi_6,2022,-0.00392156862745098,-0.030885607140358033,0.5058823529411764,255
rsi_6,2023,0.03653846153846154,0.043760131605707034,0.5346153846153846,260
rsi_6,2024,-0.0648854961832061,-0.07919821460328144,0.4618320610687023,262
rsi_6,2025,0.08984375,0.10947232606732236,0.5625,256
shrinkage_breakout_20,2022,0.38490017945975047,0.3744783439885795,0.5,18
shrinkage_breakout_20,2023,-0.3788861141556919,-0.39816390679688873,0.0,16
shrinkage_breakout_20,2024,0.14846149779161805,0.18787110467077864,0.42857142857142855,35
shrinkage_breakout_20,2025,0.0,-0.025049369143005238,0.375,32
shrinkage_breakout_60,2022,0.43301270189221935,0.5308134399160069,0.6666666666666666,6
shrinkage_breakout_60,2023,-0.09116056881941459,-0.09529353613088758,0.15789473684210525,19
shrinkage_breakout_60,2024,-0.09622504486493762,-0.03021245035497111,0.3333333333333333,18
shrinkage_breakout_60,2025,0.31491832864888675,0.2369817886622674,0.45454545454545453,11
signed_volume_flow_20,2022,0.10887096774193548,0.08568604599373422,0.5524193548387096,248
signed_volume_flow_20,2023,0.03461538461538462,0.05541645116208246,0.5230769230769231,260
signed_volume_flow_20,2024,-0.019083969465648856,-0.045768089899807574,0.4961832061068702,262
signed_volume_flow_20,2025,0.08984375,0.0899826000634963,0.54296875,256
signed_volume_flow_60,2022,0.1493212669683258,0.15005729643019092,0.579185520361991,221
signed_volume_flow_60,2023,0.057692307692307696,0.11532221736165421,0.5461538461538461,260
signed_volume_flow_60,2024,-0.0916030534351145,-0.10729106375886974,0.4389312977099237,262
signed_volume_flow_60,2025,0.11328125,0.10786364953662149,0.58984375,256
stalled_up_volume_20,2022,0.000490381056766579,-0.01994689802415629,0.39,200
stalled_up_volume_20,2023,-0.056835772172557524,-0.05345645028791975,0.34893617021276596,235
stalled_up_volume_20,2024,-0.09998185105050299,-0.11049332451395502,0.32547169811320753,212
stalled_up_volume_20,2025,-0.008384245953551157,-0.0075126707530071835,0.37850467289719625,214
stalled_up_volume_60,2022,-0.055650159426062905,-0.06063866066920541,0.35714285714285715,210
stalled_up_volume_60,2023,-0.0634018382098963,-0.052030332322050524,0.3643724696356275,247
stalled_up_volume_60,2024,-0.07709604456458534,-0.08753924073359294,0.36904761904761907,252
stalled_up_volume_60,2025,0.11221508653503291,0.1306570664829418,0.49572649572649574,234
trend_strength_120,2022,0.21071428571428572,0.2017291973272368,0.6285714285714286,140
trend_strength_120,2023,0.08846153846153847,0.057255915452338976,0.5653846153846154,260
trend_strength_120,2024,0.03816793893129771,0.056777028394155736,0.5305343511450382,262
trend_strength_120,2025,-0.03125,-0.04156386410556854,0.4609375,256
trend_strength_20,2022,0.07083333333333333,0.08228524452639152,0.5583333333333333,240
trend_strength_20,2023,-0.015384615384615385,-0.011289481906842888,0.49615384615384617,260
trend_strength_20,2024,-0.05916030534351145,-0.06190315247052746,0.46946564885496184,262
trend_strength_20,2025,0.046875,0.05794107323706758,0.53515625,256
trend_strength_60,2022,0.0075,0.006551505285325072,0.525,200
trend_strength_60,2023,-0.10576923076923077,-0.14900725043223909,0.4423076923076923,260
trend_strength_60,2024,-0.061068702290076333,-0.04027259026389,0.44274809160305345,262
trend_strength_60,2025,-0.05078125,-0.06926664460598363,0.44921875,256
turnover_crowding_20,2022,-0.004048582995951417,-0.03553285489080318,0.4939271255060729,247
turnover_crowding_20,2023,0.06923076923076923,0.059953953573744764,0.55,260
turnover_crowding_20,2024,0.05916030534351145,0.049110378732345,0.5572519083969466,262
turnover_crowding_20,2025,-0.041015625,-0.020323929409924838,0.48828125,256
turnover_crowding_60,2022,-0.03409090909090909,-0.04696445900763409,0.4863636363636364,220
turnover_crowding_60,2023,0.007692307692307693,0.013633123941178063,0.5307692307692308,260
turnover_crowding_60,2024,0.01717557251908397,0.01380568599000263,0.5343511450381679,262
turnover_crowding_60,2025,-0.03125,-0.021525138520531204,0.49609375,256
turnover_cv_20,2022,-0.012096774193548387,-0.00037404563008186845,0.5120967741935484,248
turnover_cv_20,2023,-0.08076923076923077,-0.09672336958670585,0.4307692307692308,260
turnover_cv_20,2024,0.026717557251908396,-0.0037578388509611578,0.5190839694656488,262
turnover_cv_20,2025,0.015625,0.02423440949074003,0.5078125,256
turnover_cv_60,2022,-0.12895927601809956,-0.09936123002915238,0.4253393665158371,221
turnover_cv_60,2023,0.021153846153846155,0.07506936191420065,0.5153846153846153,260
turnover_cv_60,2024,-0.11259541984732824,-0.11646228826057027,0.45038167938931295,262
turnover_cv_60,2025,0.056640625,0.07395682389854705,0.5390625,256
turnover_mean_10,2022,0.017786561264822136,0.012276032477725131,0.525691699604743,253
turnover_mean_10,2023,0.11153846153846154,0.14470942682507557,0.5923076923076923,260
turnover_mean_10,2024,-0.1946564885496183,-0.19365687287693967,0.35877862595419846,262
turnover_mean_10,2025,-0.181640625,-0.19529305132839242,0.37109375,256
turnover_mean_120,2022,0.03038674033149171,0.02019188046838322,0.5082872928176796,181
turnover_mean_120,2023,-0.15576923076923077,-0.16451417634440962,0.38076923076923075,260
turnover_mean_120,2024,-0.12022900763358779,-0.1055523941419604,0.4198473282442748,262
turnover_mean_120,2025,0.048828125,0.049450033557683896,0.51953125,256
turnover_mean_20,2022,0.03225806451612903,0.011144045108184035,0.5241935483870968,248
turnover_mean_20,2023,0.08269230769230769,0.08690211855592621,0.5461538461538461,260
turnover_mean_20,2024,-0.07442748091603053,-0.058400263261823335,0.4541984732824427,262
turnover_mean_20,2025,-0.193359375,-0.20100027615273994,0.375,256
turnover_mean_40,2022,0.07234042553191489,0.10859039948452899,0.5531914893617021,235
turnover_mean_40,2023,0.09423076923076923,0.08181953054497608,0.5769230769230769,260
turnover_mean_40,2024,-0.1984732824427481,-0.19370029213284135,0.366412213740458,262
turnover_mean_40,2025,-0.10546875,-0.09405211396941951,0.4375,256
turnover_mean_5,2022,0.03501945525291829,0.036658039535711194,0.5408560311284046,257
turnover_mean_5,2023,0.11153846153846154,0.11776998563897044,0.573076923076923,260
turnover_mean_5,2024,-0.05343511450381679,-0.045293434855662555,0.45038167938931295,262
turnover_mean_5,2025,-0.107421875,-0.10540283054470428,0.42578125,256
turnover_mean_60,2022,0.14479638009049775,0.10490647828855593,0.6018099547511312,221
turnover_mean_60,2023,0.032692307692307694,-0.0019423236663777504,0.5192307692307693,260
turnover_mean_60,2024,-0.2099236641221374,-0.19435439880916391,0.3549618320610687,262
turnover_mean_60,2025,-0.111328125,-0.09717319127364483,0.421875,256
turnover_percentile_20,2022,0.015193343517867431,-0.018304068514755224,0.4798387096774194,248
turnover_percentile_20,2023,-0.029361440754675238,-0.04363480800650687,0.4576923076923077,260
turnover_percentile_20,2024,0.033091118248388576,0.03358426411763971,0.5076335877862596,262
turnover_percentile_20,2025,0.0067658234670659265,0.02193069340318477,0.484375,256
turnover_percentile_60,2022,-0.03967397824629468,-0.03567203114968722,0.4660633484162896,221
turnover_percentile_60,2023,0.0039842245571624834,0.003083658448909231,0.5115384615384615,260
turnover_percentile_60,2024,0.034862498458838015,0.03455574234885831,0.5190839694656488,262
turnover_percentile_60,2025,-0.031773338266467034,-0.013907566634216155,0.48046875,256
turnover_zscore_20,2022,-0.020161290322580645,-0.036311485027837674,0.47580645161290325,248
turnover_zscore_20,2023,0.009615384615384616,-0.023643258249572738,0.5038461538461538,260
turnover_zscore_20,2024,0.030534351145038167,0.032609252782258485,0.5190839694656488,262
turnover_zscore_20,2025,-0.01171875,0.02246696327405353,0.5,256
turnover_zscore_60,2022,-0.04072398190045249,-0.040280562235798824,0.47058823529411764,221
turnover_zscore_60,2023,0.0,0.008929653037464345,0.5192307692307693,260
turnover_zscore_60,2024,0.04007633587786259,0.02983718246277114,0.5267175572519084,262
turnover_zscore_60,2025,0.0,-0.00790021767464181,0.51171875,256
up_day_ratio_20,2022,0.08542070176017728,0.07627371365674339,0.46638655462184875,238
up_day_ratio_20,2023,0.0857596979371263,0.10847972134104952,0.50390625,256
up_day_ratio_20,2024,0.040266467421298524,0.05313127826339525,0.4549019607843137,255
up_day_ratio_20,2025,0.07898495207279949,0.08401239948201726,0.484251968503937,254
up_day_ratio_60,2022,0.13029062730343868,0.13658527379215635,0.5429864253393665,221
up_day_ratio_60,2023,0.13306952388982043,0.18846221894893503,0.55,260
up_day_ratio_60,2024,0.07977833507117055,0.07207926163549365,0.5114503816793893,262
up_day_ratio_60,2025,0.13266716478008703,0.144299778386311,0.5764705882352941,255
up_streak,2022,-0.024562005566857507,-0.027391520212933604,0.37104072398190047,221
up_streak,2023,0.033632286995515695,0.052077557407439086,0.4349775784753363,223
up_streak,2024,-0.054907936630562794,-0.0674848568846472,0.3700440528634361,227
up_streak,2025,0.054148853808827,0.03770103171737741,0.4351851851851852,216
upper_shadow,2022,0.0038461538461538464,-0.00500191228034536,0.5076923076923077,260
upper_shadow,2023,-0.03653846153846154,-0.038023822960429075,0.46153846153846156,260
upper_shadow,2024,0.03435114503816794,0.0350475296090209,0.5229007633587787,262
upper_shadow,2025,0.0390625,0.022327422233806703,0.53515625,256
upside_tail_return_20,2022,0.08704453441295547,0.08023301424271499,0.5546558704453441,247
upside_tail_return_20,2023,0.1076923076923077,0.06963571163702041,0.6,260
upside_tail_return_20,2024,0.007633587786259542,-0.006637173109592405,0.48854961832061067,262
upside_tail_return_20,2025,-0.041015625,0.0032330006981165817,0.46875,256
upside_tail_return_60,2022,-0.056818181818181816,-0.03349550874160293,0.4681818181818182,220
upside_tail_return_60,2023,0.11346153846153846,0.11551297431840785,0.5692307692307692,260
upside_tail_return_60,2024,-0.011450381679389313,-0.048223696980815675,0.4961832061068702,262
upside_tail_return_60,2025,-0.0234375,-0.029679177077139133,0.5,256
upside_volatility_10,2022,0.08102766798418973,0.06971876037058887,0.5533596837944664,253
upside_volatility_10,2023,0.11538461538461539,0.11673012033417046,0.5961538461538461,260
upside_volatility_10,2024,0.03816793893129771,-0.0020063272522865628,0.5190839694656488,262
upside_volatility_10,2025,0.10546875,0.08840758439723445,0.5625,256
upside_volatility_20,2022,0.05040322580645161,0.07303972657080728,0.5201612903225806,248
upside_volatility_20,2023,0.021153846153846155,0.04589267610388297,0.5269230769230769,260
upside_volatility_20,2024,0.08396946564885496,0.07458837835238565,0.5419847328244275,262
upside_volatility_20,2025,0.099609375,0.1185071446374226,0.5625,256
upside_volatility_5,2022,0.06809338521400778,0.08188316368212886,0.5525291828793775,257
upside_volatility_5,2023,0.05961538461538462,0.10610731460253398,0.5538461538461539,260
upside_volatility_5,2024,-0.07633587786259542,-0.10782401719286797,0.4351145038167939,262
upside_volatility_5,2025,0.041538963266467034,0.01620397239344251,0.51953125,256
upside_volatility_60,2022,-0.02262443438914027,-0.004262332561032628,0.497737556561086,221
upside_volatility_60,2023,0.175,0.13183575624817204,0.6192307692307693,260
upside_volatility_60,2024,0.015267175572519083,0.007172490894050554,0.5,262
upside_volatility_60,2025,0.001953125,0.046513368365367645,0.51953125,256
volatility_10,2022,0.00992063492063492,0.03857840262216848,0.5119047619047619,252
volatility_10,2023,0.1423076923076923,0.18136828412874362,0.5846153846153846,260
volatility_10,2024,-0.05725190839694656,-0.05915102451085427,0.46946564885496184,262
volatility_10,2025,-0.134765625,-0.16443916954907856,0.39453125,256
volatility_120,2022,-0.008333333333333333,-0.03855194011541782,0.4888888888888889,180
volatility_120,2023,0.11730769230769231,0.09465594817328452,0.6076923076923076,260
volatility_120,2024,-0.22900763358778625,-0.27761296238783967,0.3511450381679389,262
volatility_120,2025,-0.05078125,-0.12208895167233366,0.4453125,256
volatility_20,2022,-0.02834008097165992,-0.02741514780732292,0.48582995951417,247
volatility_20,2023,0.14038461538461539,0.15825179305642575,0.5884615384615385,260
volatility_20,2024,0.026717557251908396,0.04455075459406927,0.5038167938931297,262
volatility_20,2025,-0.15234375,-0.16923082707949655,0.4140625,256
volatility_240,2022,0.16,0.17675629347441135,0.58,100
volatility_240,2023,0.08076923076923077,0.06754989110909498,0.5653846153846154,260
volatility_240,2024,-0.2652671755725191,-0.27442287883769995,0.32061068702290074,262
volatility_240,2025,-0.060546875,-0.05922506721547217,0.453125,256
volatility_40,2022,-0.07264957264957266,-0.09415823182215723,0.44871794871794873,234
volatility_40,2023,0.23076923076923078,0.2329640695569237,0.6576923076923077,260
volatility_40,2024,-0.061068702290076333,-0.04882382493389903,0.44656488549618323,262
volatility_40,2025,-0.150390625,-0.1908450716207812,0.37890625,256
volatility_5,2022,0.0078125,0.05569693833192994,0.49609375,256
volatility_5,2023,0.12692307692307692,0.16078281166178016,0.5846153846153846,260
volatility_5,2024,-0.05916030534351145,-0.11538695435782355,0.46564885496183206,262
volatility_5,2025,-0.0234375,-0.032867675477102974,0.484375,256
volatility_60,2022,-0.05909090909090909,-0.07792291133053104,0.4636363636363636,220
volatility_60,2023,0.07884615384615384,0.10389087351948978,0.5384615384615384,260
volatility_60,2024,-0.08969465648854962,-0.10630962178989593,0.4351145038167939,262
volatility_60,2025,-0.05859375,-0.1001983672477804,0.484375,256
volatility_contraction_20,2022,-0.14722222222222223,-0.12243360948764988,0.4111111111111111,180
volatility_contraction_20,2023,0.14615384615384616,0.1308402214587861,0.5807692307692308,260
volatility_contraction_20,2024,0.16030534351145037,0.11457982681423641,0.6068702290076335,262
volatility_contraction_20,2025,-0.146484375,-0.12340160624641643,0.4140625,256
volatility_contraction_60,2022,-0.08611111111111111,-0.07947523133618446,0.46111111111111114,180
volatility_contraction_60,2023,0.06153846153846154,0.0791833173127149,0.5230769230769231,260
volatility_contraction_60,2024,0.07824427480916031,0.099093528511576,0.5572519083969466,262
volatility_contraction_60,2025,0.00390625,0.010779257678634368,0.48046875,256
volume_cv_20,2022,-0.12096774193548387,-0.1516355864375294,0.4153225806451613,248
volume_cv_20,2023,0.08461538461538462,0.08056018418607387,0.5692307692307692,260
volume_cv_20,2024,0.09541984732824428,0.10389873913244221,0.5687022900763359,262
volume_cv_20,2025,0.080078125,0.06657132308654247,0.5546875,256
volume_cv_60,2022,-0.09728506787330317,-0.07568367133806261,0.416289592760181,221
volume_cv_60,2023,0.05576923076923077,0.06313600247180944,0.5423076923076923,260
volume_cv_60,2024,0.1736641221374046,0.1725096913702143,0.6030534351145038,262
volume_cv_60,2025,-0.068359375,-0.0800171668732787,0.48046875,256
volume_price_corr_20,2022,-0.16129032258064516,-0.12404684341366488,0.3870967741935484,248
volume_price_corr_20,2023,-0.07884615384615384,-0.06271220736083169,0.47307692307692306,260
volume_price_corr_20,2024,-0.03435114503816794,-0.019080915225435383,0.49236641221374045,262
volume_price_corr_20,2025,-0.021484375,0.0029840007320498857,0.48828125,256
volume_price_corr_60,2022,-0.03167420814479638,-0.02805608128598525,0.4660633484162896,221
volume_price_corr_60,2023,-0.16346153846153846,-0.1320945656231023,0.3730769230769231,260
volume_price_corr_60,2024,0.06679389312977099,0.06286446759145826,0.5419847328244275,262
volume_price_corr_60,2025,0.0,-0.003345073850291541,0.50390625,256
volume_ratio_10_60,2022,-0.013574660633484163,-0.03679269995970378,0.4841628959276018,221
volume_ratio_10_60,2023,-0.046153846153846156,-0.06627294853987294,0.46153846153846156,260
volume_ratio_10_60,2024,-0.007633587786259542,0.031324560611766465,0.49236641221374045,262
volume_ratio_10_60,2025,0.07421875,0.05656882536262509,0.546875,256
volume_ratio_5_20,2022,0.008130081300813009,0.002409699290937572,0.483739837398374,246
volume_ratio_5_20,2023,0.01730769230769231,0.04613458743635186,0.5038461538461538,260
volume_ratio_5_20,2024,0.019083969465648856,0.039845335586646394,0.4961832061068702,262
volume_ratio_5_20,2025,0.05859375,0.08798435809961391,0.546875,256
vwap_bias_20,2022,0.08669354838709678,0.09077255734782279,0.5483870967741935,248
vwap_bias_20,2023,0.007692307692307693,0.04362943334177403,0.5115384615384615,260
vwap_bias_20,2024,0.04389312977099236,0.026019442172141707,0.5229007633587787,262
vwap_bias_20,2025,0.193359375,0.18758196066170993,0.6171875,256
vwap_bias_5,2022,0.06031128404669261,0.07306719122891472,0.5175097276264592,257
vwap_bias_5,2023,0.04807692307692308,0.05456588754469075,0.55,260
vwap_bias_5,2024,-0.07061068702290077,-0.08100952790145267,0.44656488549618323,262
vwap_bias_5,2025,0.076171875,0.08295341306795574,0.5390625,256
vwap_bias_60,2022,0.07918552036199095,0.07335933102170929,0.5656108597285068,221
vwap_bias_60,2023,0.09038461538461538,0.12165361700065765,0.5769230769230769,260
vwap_bias_60,2024,0.11450381679389313,0.11117859792172417,0.5534351145038168,262
vwap_bias_60,2025,0.134765625,0.1435800170963445,0.6015625,256
williams_r_14,2022,0.037848605577689244,0.03396177280224634,0.5338645418326693,251
williams_r_14,2023,0.013461538461538462,0.04039913624459938,0.5346153846153846,260
williams_r_14,2024,0.03625954198473282,0.012943854454987247,0.5076335877862596,262
williams_r_14,2025,0.130859375,0.16284522877522056,0.578125,256
williams_r_20,2022,0.028225806451612902,0.03839907670480917,0.532258064516129,248
williams_r_20,2023,-0.019230769230769232,0.01169194883350003,0.5076923076923077,260
williams_r_20,2024,0.05343511450381679,0.03541759541741802,0.5190839694656488,262
williams_r_20,2025,0.16015625,0.19522588746674566,0.59765625,256
